0,Date_reported,阿富汗,阿尔巴尼亚,阿尔及利亚,美属萨摩亚,安道尔,安哥拉,安圭拉,安提瓜和巴布达,阿根廷,亚美尼亚,阿鲁巴岛,澳大利亚,奥地利,阿塞拜疆,巴哈马群岛,巴林,孟加拉国,巴巴多斯,白俄罗斯,比利时,伯利兹,贝宁,百慕大,不丹,玻利维亚（多民族国）,博内尔岛,波斯尼亚和黑塞哥维那,博茨瓦纳,巴西,英属维尔京群岛,文莱达鲁萨兰国,保加利亚,布基纳法索,布隆迪,佛得角,柬埔寨,喀麦隆,加拿大,开曼群岛,中非共和国,乍得,智利,中国,哥伦比亚,科摩罗,刚果,库克群岛,哥斯达黎加,象牙海岸,克罗地亚,古巴,库拉索,塞浦路斯,捷克共和国,朝鲜民主主义人民共和国,刚果民主共和国,丹麦,吉布提,多米尼克,多明尼加共和国,厄瓜多尔,埃及,救星,赤道几内亚,厄立特里亚,爱沙尼亚,斯瓦蒂尼,埃塞俄比亚,福克兰群岛（Falkland）,法罗群岛,斐济,芬兰,法国,法属圭亚那,法属波利尼西亚,加蓬,冈比亚,乔治亚州,德国,加纳,直布罗陀,希腊,格陵兰,格林纳达,瓜德罗普岛,关岛,危地马拉,根西岛,几内亚,几内亚比绍,圭亚那,海地,教廷,洪都拉斯,匈牙利,冰岛,印度,印度尼西亚,伊朗（伊斯兰共和国）,伊拉克,爱尔兰,马恩岛,以色列,意大利,牙买加,日本,球衣,约旦,哈萨克斯坦,肯尼亚,基里巴斯,科索沃[1],科威特,吉尔吉斯斯坦,老挝人民民主共和国,拉脱维亚,黎巴嫩,莱索托,利比里亚,利比亚,列支敦士登,立陶宛,卢森堡,马达加斯加,马拉维,马来西亚,马尔代夫,马里,马耳他,马绍尔群岛,马提尼克岛,毛里塔尼亚,毛里求斯,马约特岛,墨西哥,密克罗尼西亚（美利坚合众国）,摩纳哥,蒙古,黑山,蒙特塞拉特,摩洛哥,莫桑比克,缅甸,纳米比亚,瑙鲁,尼泊尔,荷兰人,新喀里多尼亚,新西兰,尼加拉瓜,尼日尔,尼日利亚,纽埃,北马其顿,北马里亚纳群岛（英联邦）,挪威,巴勒斯坦被占领土,阿曼,其他,巴基斯坦,帕劳,巴拿马,巴布亚新几内亚,巴拉圭,秘鲁,菲律宾,皮特凯恩群岛,波兰,葡萄牙,波多黎各,卡塔尔,大韩民国,摩尔多瓦共和国,会议,罗马尼亚,俄罗斯联邦,卢旺达,香蕉,圣巴塞洛缪,圣海伦娜,圣基茨和尼维斯,圣卢西亚,圣马丁,圣彼得和密克隆,圣文森特和格林纳丁斯,萨摩亚,圣马力诺,圣多美和普林西比,沙特阿拉伯,塞内加尔,塞尔维亚,塞舌尔,塞拉利昂,新加坡,圣尤斯特歇斯岛,圣马丁岛,斯洛伐克,斯洛文尼亚,所罗门群岛,索马里,南非,南苏丹,西班牙,斯里兰卡,苏丹,苏里南,瑞典,瑞士,阿拉伯叙利亚共和国,塔吉克斯坦,泰国,英国,东帝汶,多哥,托克劳,汤加,特立尼达和多巴哥,突尼斯,火鸡,土库曼斯坦,特克斯和凯科斯群岛,图瓦卢,乌干达,乌克兰,阿拉伯联合酋长国,坦桑尼亚联合共和国,美国,美属维尔京群岛,乌拉圭,乌兹别克斯坦,瓦努阿图,委内瑞拉（玻利瓦尔共和国）,越南,瓦利斯群岛和富图纳群岛,也门,赞比亚,津巴布韦
0,2020-01-03,0,0,0,0,0,0,0,0,0,0,0,0,0,0,0,0,0,0,0,0,0,0,0,0,0,0,0,0,0,0,0,0,0,0,0,0,0,0,0,0,0,0,0,0,0,0,0,0,0,0,0,0,0,0,0,0,0,0,0,0,0,0,0,0,0,0,0,0,0,0,0,0,0,0,0,0,0,0,0,0,0,0,0,0,0,0,0,0,0,0,0,0,0,0,0,0,0,0,0,0,0,0,0,0,0,0,0,0,0,0,0,0,0,0,0,0,0,0,0,0,0,0,0,0,0,0,0,0,0,0,0,0,0,0,0,0,0,0,0,0,0,0,0,0,0,0,0,0,0,0,0,0,0,0,0,0,0,0,0,0,0,0,0,0,0,0,0,0,0,0,0,0,0,0,0,0,0,0,0,0,0,0,0,0,0,0,0,0,0,0,0,0,0,0,0,0,0,0,0,0,0,0,0,0,0,0,0,0,0,0,0,0,0,0,0,0,0,0,0,0,0,0,0,0,0,0,0,0,0,0,0,0,0,0,0,0,0
1,2020-01-08,0,0,0,0,0,0,0,0,0,0,0,0,0,0,0,0,0,0,0,0,0,0,0,0,0,0,0,0,0,0,0,0,0,0,0,0,0,0,0,0,0,0,0,0,0,0,0,0,0,0,0,0,0,0,0,0,0,0,0,0,0,0,0,0,0,0,0,0,0,0,0,0,0,0,0,0,0,0,0,0,0,0,0,0,0,0,0,0,0,0,0,0,0,0,0,0,0,0,0,0,0,0,0,0,0,0,0,0,0,0,0,0,0,0,0,0,0,0,0,0,0,0,0,0,0,0,0,0,0,0,0,0,0,0,0,0,0,0,0,0,0,0,0,0,0,0,0,0,0,0,0,0,0,0,0,0,0,0,0,0,0,0,0,0,0,0,0,0,0,0,0,0,0,0,0,0,0,0,0,0,0,0,0,0,0,0,0,0,0,0,0,0,0,0,0,0,0,0,0,0,0,0,0,0,0,0,0,0,0,0,0,0,0,0,0,0,0,0,0,0,0,0,0,0,0,0,0,0,0,0,0,0,0,0,0,0,0
2,2020-01-13,0,0,0,0,0,0,0,0,0,0,0,0,0,0,0,0,0,0,0,0,0,0,0,0,0,0,0,0,0,0,0,0,0,0,0,0,0,0,0,0,0,0,1,0,0,0,0,0,0,0,0,0,0,0,0,0,0,0,0,0,0,0,0,0,0,0,0,0,0,0,0,0,0,0,0,0,0,0,0,0,0,0,0,0,0,0,0,0,0,0,0,0,0,0,0,0,0,0,0,0,0,0,0,0,0,0,0,0,0,0,0,0,0,0,0,0,0,0,0,0,0,0,0,0,0,0,0,0,0,0,0,0,0,0,0,0,0,0,0,0,0,0,0,0,0,0,0,0,0,0,0,0,0,0,0,0,0,0,0,0,0,0,0,0,0,0,0,0,0,0,0,0,0,0,0,0,0,0,0,0,0,0,0,0,0,0,0,0,0,0,0,0,0,0,0,0,0,0,0,0,0,0,0,0,0,0,0,0,0,0,0,0,0,0,0,0,0,0,0,0,0,0,0,0,0,0,0,0,0,0,0,0,0,0,0,0,0
3,2020-01-18,0,0,0,0,0,0,0,0,0,0,0,0,0,0,0,0,0,0,0,0,0,0,0,0,0,0,0,0,0,0,0,0,0,0,0,0,0,0,0,0,0,0,2,0,0,0,0,0,0,0,0,0,0,0,0,0,0,0,0,0,0,0,0,0,0,0,0,0,0,0,0,0,0,0,0,0,0,0,0,0,0,0,0,0,0,0,0,0,0,0,0,0,0,0,0,0,0,0,0,0,0,0,0,0,0,0,0,0,0,0,0,0,0,0,0,0,0,0,0,0,0,0,0,0,0,0,0,0,0,0,0,0,0,0,0,0,0,0,0,0,0,0,0,0,0,0,0,0,0,0,0,0,0,0,0,0,0,0,0,0,0,0,0,0,0,0,0,0,0,0,0,0,0,0,0,0,0,0,0,0,0,0,0,0,0,0,0,0,0,0,0,0,0,0,0,0,0,0,0,0,0,0,0,0,0,0,0,0,0,0,0,0,0,0,0,0,0,0,0,0,0,0,0,0,0,0,0,0,0,0,0,0,0,0,0,0,0
4,2020-01-23,0,0,0,0,0,0,0,0,0,0,0,0,0,0,0,0,0,0,0,0,0,0,0,0,0,0,0,0,0,0,0,0,0,0,0,0,0,0,0,0,0,0,18,0,0,0,0,0,0,0,0,0,0,0,0,0,0,0,0,0,0,0,0,0,0,0,0,0,0,0,0,0,0,0,0,0,0,0,0,0,0,0,0,0,0,0,0,0,0,0,0,0,0,0,0,0,0,0,0,0,0,0,0,0,0,0,0,0,0,0,0,0,0,0,0,0,0,0,0,0,0,0,0,0,0,0,0,0,0,0,0,0,0,0,0,0,0,0,0,0,0,0,0,0,0,0,0,0,0,0,0,0,0,0,0,0,0,0,0,0,0,0,0,0,0,0,0,0,0,0,0,0,0,0,0,0,0,0,0,0,0,0,0,0,0,0,0,0,0,0,0,0,0,0,0,0,0,0,0,0,0,0,0,0,0,0,0,0,0,0,0,0,0,0,0,0,0,0,0,0,0,0,0,0,0,0,0,0,0,0,0,0,0,0,0,0,0
5,2020-01-28,0,0,0,0,0,0,0,0,0,0,0,0,0,0,0,0,0,0,0,0,0,0,0,0,0,0,0,0,0,0,0,0,0,0,0,0,0,0,0,0,0,0,131,0,0,0,0,0,0,0,0,0,0,0,0,0,0,0,0,0,0,0,0,0,0,0,0,0,0,0,0,0,0,0,0,0,0,0,0,0,0,0,0,0,0,0,0,0,0,0,0,0,0,0,0,0,0,0,0,0,0,0,0,0,0,0,0,0,0,0,0,0,0,0,0,0,0,0,0,0,0,0,0,0,0,0,0,0,0,0,0,0,0,0,0,0,0,0,0,0,0,0,0,0,0,0,0,0,0,0,0,0,0,0,0,0,0,0,0,0,0,0,0,0,0,0,0,0,0,0,0,0,0,0,0,0,0,0,0,0,0,0,0,0,0,0,0,0,0,0,0,0,0,0,0,0,0,0,0,0,0,0,0,0,0,0,0,0,0,0,0,0,0,0,0,0,0,0,0,0,0,0,0,0,0,0,0,0,0,0,0,0,0,0,0,0,0
6,2020-02-02,0,0,0,0,0,0,0,0,0,0,0,0,0,0,0,0,0,0,0,0,0,0,0,0,0,0,0,0,0,0,0,0,0,0,0,0,0,0,0,0,0,0,361,0,0,0,0,0,0,0,0,0,0,0,0,0,0,0,0,0,0,0,0,0,0,0,0,0,0,0,0,0,0,0,0,0,0,0,0,0,0,0,0,0,0,0,0,0,0,0,0,0,0,0,0,0,0,0,0,0,0,0,0,0,0,0,0,0,0,0,0,0,0,0,0,0,0,0,0,0,0,0,0,0,0,0,0,0,0,0,0,0,0,0,0,0,0,0,0,0,0,0,0,0,0,0,0,0,0,0,0,0,0,0,0,0,0,0,0,0,0,0,0,0,0,1,0,0,0,0,0,0,0,0,0,0,0,0,0,0,0,0,0,0,0,0,0,0,0,0,0,0,0,0,0,0,0,0,0,0,0,0,0,0,0,0,0,0,0,0,0,0,0,0,0,0,0,0,0,0,0,0,0,0,0,0,0,0,0,0,0,0,0,0,0,0,0
7,2020-02-07,0,0,0,0,0,0,0,0,0,0,0,0,0,0,0,0,0,0,0,0,0,0,0,0,0,0,0,0,0,0,0,0,0,0,0,0,0,0,0,0,0,0,718,0,0,0,0,0,0,0,0,0,0,0,0,0,0,0,0,0,0,0,0,0,0,0,0,0,0,0,0,0,0,0,0,0,0,0,0,0,0,0,0,0,0,0,0,0,0,0,0,0,0,0,0,0,0,0,0,0,0,0,0,0,0,0,0,0,0,0,0,0,0,0,0,0,0,0,0,0,0,0,0,0,0,0,0,0,0,0,0,0,0,0,0,0,0,0,0,0,0,0,0,0,0,0,0,0,0,0,0,0,0,0,0,0,0,0,0,0,0,0,0,0,0,1,0,0,0,0,0,0,0,0,0,0,0,0,0,0,0,0,0,0,0,0,0,0,0,0,0,0,0,0,0,0,0,0,0,0,0,0,0,0,0,0,0,0,0,0,0,0,0,0,0,0,0,0,0,0,0,0,0,0,0,0,0,0,0,0,0,0,0,0,0,0,0
8,2020-02-12,0,0,0,0,0,0,0,0,0,0,0,0,0,0,0,0,0,0,0,0,0,0,0,0,0,0,0,0,0,0,0,0,0,0,0,0,0,0,0,0,0,0,1117,0,0,0,0,0,0,0,0,0,0,0,0,0,0,0,0,0,0,0,0,0,0,0,0,0,0,0,0,0,0,0,0,0,0,0,0,0,0,0,0,0,0,0,0,0,0,0,0,0,0,0,0,0,0,0,0,0,0,0,0,0,0,0,0,0,0,0,0,0,0,0,0,0,0,0,0,0,0,0,0,0,0,0,0,0,0,0,0,0,0,0,0,0,0,0,0,0,0,0,0,0,0,0,0,0,0,0,0,0,0,0,0,0,0,0,0,0,0,0,0,0,0,1,0,0,0,0,0,0,0,0,0,0,0,0,0,0,0,0,0,0,0,0,0,0,0,0,0,0,0,0,0,0,0,0,0,0,0,0,0,0,0,0,0,0,0,0,0,0,0,0,0,0,0,0,0,0,0,0,0,0,0,0,0,0,0,0,0,0,0,0,0,0,0
9,2020-02-17,0,0,0,0,0,0,0,0,0,0,0,0,0,0,0,0,0,0,0,0,0,0,0,0,0,0,0,0,0,0,0,0,0,0,0,0,0,0,0,0,0,0,1865,0,0,0,0,0,0,0,0,0,0,0,0,0,0,0,0,0,0,0,0,0,0,0,0,0,0,0,0,0,1,0,0,0,0,0,0,0,0,0,0,0,0,0,0,0,0,0,0,0,0,0,0,0,0,0,0,0,0,0,0,0,0,1,0,0,0,0,0,0,0,0,0,0,0,0,0,0,0,0,0,0,0,0,0,0,0,0,0,0,0,0,0,0,0,0,0,0,0,0,0,0,0,0,0,0,0,0,0,0,0,0,0,0,0,0,0,0,0,0,0,0,0,1,0,0,0,0,0,0,0,0,0,0,0,0,0,0,0,0,0,0,0,0,0,0,0,0,0,0,0,0,0,0,0,0,0,0,0,0,1,0,0,0,0,0,0,0,0,0,0,0,0,0,0,0,0,0,0,0,0,0,0,0,0,0,0,0,0,0,0,0,0,0,0
10,2020-02-22,0,0,0,0,0,0,0,0,0,0,0,0,0,0,0,0,0,0,0,0,0,0,0,0,0,0,0,0,0,0,0,0,0,0,0,0,0,0,0,0,0,0,2444,0,0,0,0,0,0,0,0,0,0,0,0,0,0,0,0,0,0,0,0,0,0,0,0,0,0,0,0,0,1,0,0,0,0,0,1,0,0,0,0,0,0,0,0,0,0,0,0,0,0,0,0,0,0,0,4,0,0,0,0,0,0,1,0,0,0,0,0,0,0,0,0,0,0,0,0,0,0,0,0,0,0,0,0,0,0,0,0,0,0,0,0,0,0,0,0,0,0,0,0,0,0,0,0,0,0,0,0,0,0,0,0,0,0,0,2,0,0,0,0,0,0,1,0,0,0,0,0,3,0,0,0,0,0,0,0,0,0,0,0,0,0,0,0,0,0,0,0,0,0,0,0,0,0,0,0,0,0,0,1,0,0,0,0,0,0,0,0,0,0,0,0,0,0,0,0,0,0,0,0,0,0,0,0,0,0,0,0,0,0,0,0,0,0
11,2020-02-27,0,0,0,0,0,0,0,0,0,0,0,0,0,0,0,0,0,0,0,0,0,0,0,0,0,0,0,0,0,0,0,0,0,0,0,0,0,0,0,0,0,0,2747,0,0,0,0,0,0,0,0,0,0,0,0,0,0,0,0,0,0,0,0,0,0,0,0,0,0,0,0,0,2,0,0,0,0,0,1,0,0,0,0,0,0,0,0,0,0,0,0,0,0,0,0,0,0,0,22,0,0,0,0,12,0,4,0,0,0,0,0,0,0,0,0,0,0,0,0,0,0,0,0,0,0,0,0,0,0,0,0,0,0,0,0,0,0,0,0,0,0,0,0,0,0,0,0,0,0,0,0,0,0,0,0,0,0,0,4,0,0,0,0,0,0,1,0,0,0,0,0,12,0,0,0,0,0,0,0,0,0,0,0,0,0,0,0,0,0,0,0,0,0,0,0,0,0,0,0,0,0,0,1,0,0,0,0,0,0,0,0,0,0,0,0,0,0,0,0,0,0,0,0,0,0,0,0,0,0,0,0,0,0,0,0,0,0
12,2020-03-03,0,0,0,0,0,0,0,0,0,0,0,1,0,0,0,0,0,0,0,0,0,0,0,0,0,0,0,0,0,0,0,0,0,0,0,0,0,0,0,0,0,0,2948,0,0,0,0,0,0,0,0,0,0,0,0,0,0,0,0,0,0,0,0,0,0,0,0,0,0,0,0,0,3,0,0,0,0,0,1,0,0,0,0,0,0,0,0,0,0,0,0,0,0,0,0,0,0,0,77,0,1,0,0,52,0,6,0,0,0,0,0,0,0,0,0,0,0,0,0,0,0,0,0,0,0,0,0,0,0,0,0,0,0,0,0,0,0,0,0,0,0,0,0,0,0,0,0,0,0,0,0,0,0,0,0,0,0,0,6,0,0,0,0,0,0,1,0,0,0,0,0,28,0,0,0,0,0,0,0,0,0,0,0,0,0,0,1,0,0,0,0,0,0,0,0,0,0,0,0,0,0,0,1,0,0,0,0,0,0,0,1,0,0,0,0,0,0,0,0,0,0,0,0,0,0,0,2,0,0,0,0,0,0,0,0,0,0
13,2020-03-08,0,0,0,0,0,0,0,0,1,0,0,3,0,0,0,0,0,0,0,1,0,0,0,0,0,0,0,0,0,0,0,0,0,0,0,0,0,0,0,0,0,0,3101,0,0,0,0,0,0,0,0,0,0,0,0,0,0,0,0,0,0,1,0,0,0,0,0,0,0,0,0,1,10,0,0,0,0,0,12,0,0,0,0,0,0,0,0,0,0,0,0,0,0,0,0,0,0,0,194,4,1,0,0,233,0,6,0,0,0,0,0,0,0,0,0,0,0,0,0,0,0,0,0,0,0,0,0,0,0,0,0,0,0,0,0,0,0,0,0,0,0,0,0,0,0,0,1,0,0,0,0,0,0,0,0,0,0,0,7,0,0,0,0,0,1,1,0,0,0,0,0,50,0,0,0,0,0,0,0,0,0,0,0,0,0,0,1,0,0,0,0,0,0,0,0,0,0,0,0,0,0,0,8,0,0,0,0,2,0,0,1,6,0,0,0,0,0,0,0,0,0,0,0,0,0,0,19,0,0,0,0,0,0,0,0,0,5
14,2020-03-13,0,1,0,0,0,0,0,0,8,0,0,3,0,0,0,0,0,0,0,5,0,0,0,0,0,0,0,0,0,0,0,1,0,0,0,0,0,1,0,0,0,0,3181,0,0,0,0,0,0,0,0,0,0,0,0,0,1,0,0,0,0,1,0,0,0,0,0,0,0,0,0,1,61,0,0,0,0,0,46,0,0,1,0,0,0,0,0,0,0,0,1,0,0,0,0,0,1,2,514,7,2,0,0,1016,0,19,0,0,0,0,0,0,0,0,0,0,3,0,0,0,0,0,0,0,0,0,0,0,0,0,0,0,0,0,0,0,0,0,0,0,1,0,0,0,0,0,4,0,0,0,0,0,0,0,0,1,0,0,7,0,0,1,0,0,2,5,0,1,0,0,0,67,0,0,0,0,0,0,0,0,0,0,0,0,0,0,5,0,0,0,0,0,0,0,0,0,0,0,0,0,0,0,105,0,0,0,1,12,0,0,1,25,0,0,0,0,0,0,0,0,0,0,0,0,0,0,51,0,0,0,0,0,0,0,0,0,5
15,2020-03-18,0,1,0,0,0,0,0,0,14,0,0,6,6,0,0,1,0,0,0,48,0,0,0,0,0,0,0,0,0,0,0,2,0,0,0,0,0,4,1,0,0,0,3242,0,0,0,0,0,0,0,0,0,0,0,0,0,5,0,0,1,2,6,0,0,0,0,0,0,0,0,0,6,175,0,0,0,0,0,176,0,0,5,0,0,0,0,1,0,0,0,1,0,0,0,1,0,3,19,1135,12,3,0,0,2503,0,29,0,0,0,0,0,0,0,0,0,0,4,0,0,0,0,0,1,0,0,2,0,0,0,0,0,0,0,0,0,0,0,0,0,0,2,0,0,0,0,0,39,0,0,0,0,0,0,0,0,3,0,0,7,0,0,1,0,0,5,17,0,5,1,0,0,84,0,0,0,0,0,0,0,0,0,0,0,0,0,0,11,0,0,0,0,0,0,0,0,0,0,1,0,0,0,0,665,0,1,0,8,47,0,0,1,155,0,0,0,0,0,0,1,0,0,0,0,2,0,0,121,0,0,0,0,0,0,0,0,0,5
16,2020-03-23,1,3,0,0,1,0,0,0,25,0,0,7,17,1,0,2,3,0,0,244,0,0,0,0,0,0,1,0,11,0,0,3,6,0,0,0,0,15,1,0,0,1,3276,2,0,0,0,2,0,1,1,1,0,1,0,0,22,0,0,2,7,14,0,0,0,0,0,0,0,0,0,11,674,0,0,0,0,0,575,0,0,15,0,0,0,1,1,0,0,0,1,0,0,0,7,1,9,49,1812,23,13,0,1,5476,1,40,0,0,0,0,0,1,0,0,0,0,4,0,0,0,0,0,7,0,0,10,0,0,0,0,0,0,2,0,4,0,0,0,0,0,4,0,0,0,0,0,179,0,0,0,0,3,0,2,0,7,0,0,8,5,0,3,0,1,30,25,0,7,15,4,0,111,1,0,2,0,0,0,0,0,0,0,0,0,0,0,20,0,0,0,2,0,0,2,0,0,0,2,0,0,0,0,2363,0,1,0,49,127,0,0,1,588,0,0,0,0,0,3,30,0,0,0,0,3,2,0,486,0,0,0,0,0,0,0,0,0,5
17,2020-03-28,2,8,0,0,4,0,0,0,66,1,0,13,52,3,0,4,5,0,0,751,0,0,0,0,0,0,6,1,77,0,0,3,15,0,0,0,6,24,1,0,0,5,3301,6,0,0,0,2,0,3,2,1,5,12,0,0,55,0,0,20,36,30,0,0,0,1,0,0,0,0,0,27,1992,0,0,0,0,0,1621,0,0,28,0,0,2,1,1,0,0,0,1,0,0,1,11,2,19,102,2517,42,54,0,12,9134,1,49,1,1,1,4,0,1,0,0,0,0,8,0,0,0,0,4,9,0,0,26,0,1,0,0,1,0,2,0,20,0,0,0,1,0,23,0,0,0,0,0,542,0,0,1,0,3,0,4,0,16,1,0,10,9,0,9,0,3,63,54,0,16,82,11,0,144,2,0,26,4,0,0,0,0,0,0,0,0,0,0,22,0,4,0,8,0,0,2,0,0,0,10,0,0,1,0,6018,0,1,0,166,278,0,0,6,1841,0,1,0,0,2,6,92,0,0,0,0,8,2,0,1619,0,0,1,0,0,0,0,0,0,6
18,2020-04-02,4,15,58,0,13,0,0,0,110,4,0,21,124,5,0,4,6,0,2,1652,0,0,0,0,7,0,13,1,201,0,1,10,17,0,0,0,11,63,1,0,0,16,3327,16,0,2,0,2,2,6,6,1,9,43,0,0,110,0,0,57,93,52,1,0,0,5,0,0,0,0,0,62,4019,0,0,3,0,0,3060,0,0,50,0,0,6,3,1,1,0,0,2,0,0,10,21,2,50,170,3160,52,129,0,29,13155,1,60,2,5,3,6,0,1,0,0,0,0,16,0,0,0,0,6,26,0,0,45,0,3,0,0,3,149,5,2,92,0,0,0,2,0,39,0,1,0,0,0,1152,0,1,1,57,4,0,11,0,32,1,1,11,31,0,30,0,3,138,96,0,43,214,23,2,169,5,0,92,24,0,0,0,0,0,0,2,0,0,0,28,0,21,0,28,0,0,3,0,0,1,20,0,0,5,0,10389,3,2,0,385,541,2,0,15,4434,0,2,0,0,5,12,277,0,0,0,0,20,8,1,4940,0,2,2,0,3,0,0,0,0,6
19,2020-04-07,11,21,173,0,21,0,0,0,156,8,0,42,207,5,5,4,17,1,13,2878,1,0,0,0,11,0,29,1,486,0,1,22,18,0,0,0,13,280,1,0,0,37,3340,35,0,4,0,2,4,16,9,1,9,82,0,0,197,0,0,86,191,85,3,0,0,19,0,0,0,0,0,94,8896,0,0,3,0,2,4597,0,0,79,0,0,7,4,3,6,0,0,4,1,0,22,47,4,114,221,3739,64,289,1,64,16523,3,80,3,6,6,7,0,3,1,4,0,3,19,0,3,1,1,11,36,0,0,62,0,5,0,0,4,149,7,2,247,0,0,0,2,0,83,0,1,0,0,0,1841,0,1,1,58,7,0,21,1,59,1,2,11,54,0,54,0,5,317,163,0,107,356,36,4,192,19,0,176,47,0,0,0,0,0,0,2,0,0,0,32,0,38,0,58,0,0,6,0,6,2,40,0,0,12,0,14418,6,2,1,780,815,2,0,27,8671,0,3,0,0,8,22,649,0,1,0,0,45,11,1,12161,1,6,2,0,3,0,0,0,3,6
20,2020-04-12,18,23,276,0,28,0,0,2,205,13,0,57,320,10,8,6,34,4,23,4340,2,0,4,0,20,0,37,1,1056,0,1,28,18,0,0,0,15,568,1,0,0,73,3349,80,0,4,0,3,5,21,16,1,10,136,0,0,270,2,0,126,315,146,6,0,0,24,0,23,0,0,0,136,13814,0,0,3,0,3,6013,0,0,93,0,0,8,5,3,9,0,0,6,2,0,24,99,7,273,373,4357,72,502,6,103,19468,4,98,4,7,10,7,0,7,1,5,0,7,20,0,6,1,1,14,54,0,1,73,0,9,3,0,6,149,9,2,556,0,1,0,2,0,111,0,3,0,0,0,2614,0,4,1,58,12,0,34,2,98,2,3,11,86,0,74,0,6,650,247,0,208,537,55,6,214,30,0,291,130,0,0,0,0,0,0,2,0,0,0,35,0,52,0,74,0,0,8,0,9,2,57,0,1,28,0,18012,7,2,1,1257,1072,2,0,38,13587,0,3,0,0,8,28,1101,0,1,0,0,83,20,3,22637,1,7,3,0,9,0,0,0,4,7
21,2020-04-17,30,26,349,0,34,0,0,2,254,19,2,63,397,13,8,7,75,5,40,5667,2,0,5,0,29,0,43,1,1736,0,1,38,32,1,0,0,24,1009,1,0,0,105,3352,131,0,4,0,4,7,35,27,1,12,168,0,211,330,2,0,196,403,196,6,0,0,36,1,23,0,0,0,195,17899,0,0,3,0,3,6991,0,0,105,0,0,8,5,5,13,2,0,6,3,0,35,156,8,437,520,4869,80,752,9,146,22170,5,148,10,7,16,10,0,13,3,5,0,8,21,0,8,1,1,21,68,0,2,84,0,13,3,0,8,149,9,3,1056,0,1,0,4,0,130,0,4,0,0,0,3285,0,11,1,58,15,0,46,2,136,2,4,13,135,0,103,0,8,1200,362,0,314,702,71,7,230,54,0,392,273,0,0,0,0,0,0,2,0,0,0,38,0,83,0,103,0,0,10,0,9,9,71,0,5,48,0,20930,7,5,1,1755,1257,2,0,47,18133,0,5,0,0,8,37,1643,0,1,0,0,125,35,4,33754,1,9,4,0,9,0,0,0,4,7
22,2020-04-22,36,26,393,0,37,0,0,3,340,24,2,74,475,19,9,7,120,5,55,6668,2,0,5,0,34,0,51,1,2575,1,1,45,38,1,0,0,45,1687,1,0,0,147,4642,189,0,5,0,6,14,48,38,1,12,204,0,213,374,2,0,245,520,264,7,1,0,43,1,23,0,0,0,232,20763,1,0,3,0,5,7700,0,0,121,0,0,12,5,9,14,7,0,7,3,0,46,225,10,640,635,5297,83,972,15,190,24648,6,277,14,7,19,13,0,14,11,7,0,11,22,0,9,1,1,27,78,0,2,92,0,14,3,0,14,149,9,4,1834,0,1,0,5,0,145,0,5,0,0,0,3880,0,14,2,58,27,0,55,2,163,2,8,13,209,0,136,0,8,1990,437,0,401,847,83,9,238,73,0,498,513,0,0,0,0,0,0,2,0,0,0,40,0,109,0,130,0,0,11,0,10,14,87,0,14,58,0,23147,7,13,1,2158,1421,3,0,49,22148,0,6,0,0,8,38,2259,0,1,0,0,174,46,10,44453,3,10,6,0,10,0,0,0,5,8
23,2020-04-27,50,28,422,0,40,0,0,3,433,29,2,83,530,21,11,8,152,6,72,7455,2,2,5,0,46,0,59,1,4016,1,1,56,42,1,0,0,58,2461,1,0,0,189,4643,233,0,7,0,6,15,55,54,1,14,224,0,216,421,2,0,278,576,317,8,1,0,49,1,24,0,0,0,252,22821,1,0,5,0,6,8136,0,0,134,0,0,13,5,15,16,8,1,8,6,0,59,280,10,872,765,5710,87,1151,23,205,26644,7,351,19,7,25,13,0,17,20,8,0,13,24,0,18,2,1,32,88,0,3,98,0,23,4,0,14,149,9,4,3048,0,1,0,6,1,161,0,5,0,0,0,4446,0,19,3,58,42,0,61,2,193,2,10,13,281,0,159,0,9,3198,501,0,535,982,98,10,243,96,0,619,794,0,0,0,0,0,0,3,0,0,0,41,0,139,0,156,0,5,12,0,13,18,90,0,23,87,0,24874,7,21,1,2557,1544,3,0,52,25630,0,6,0,0,8,38,2805,0,1,0,0,220,76,10,55326,3,14,8,0,10,0,0,0,5,8
24,2020-05-02,72,31,450,0,43,0,0,3,517,33,2,93,573,24,11,8,175,7,93,7992,2,2,6,0,62,0,70,1,5901,1,1,69,44,1,0,0,62,3176,1,0,20,234,4643,293,0,9,0,6,16,75,64,1,15,250,0,220,463,2,0,313,1063,406,10,4,0,52,1,24,0,0,0,262,24560,1,0,6,0,8,8471,0,0,140,0,0,12,5,16,16,8,2,9,8,0,75,335,10,1218,831,6091,94,1286,27,230,28236,8,458,23,8,25,20,0,17,30,8,0,17,24,0,20,3,1,33,92,1,3,103,1,26,4,0,14,149,10,4,4709,0,1,0,7,1,171,0,6,0,0,0,4865,0,20,4,58,70,0,81,2,204,2,11,13,417,0,188,0,10,4782,579,0,651,1087,106,12,250,122,0,744,1222,0,0,0,0,0,0,3,0,0,0,41,0,169,0,185,0,9,16,0,13,24,102,0,28,116,0,26122,7,36,1,2953,1617,3,0,54,28541,0,9,0,0,8,41,3258,0,1,0,0,279,111,18,65116,4,17,9,0,10,0,0,2,5,8
25,2020-05-07,104,31,473,0,47,0,0,3,607,42,2,97,595,26,11,8,199,7,112,8416,2,2,7,0,86,0,86,1,7921,1,1,84,48,1,2,0,110,4031,1,0,27,281,4643,378,1,9,0,6,19,85,69,1,15,265,0,224,501,3,0,362,1618,469,14,5,0,55,2,24,0,0,0,281,25769,1,0,8,0,9,8649,0,0,147,0,0,13,5,19,16,12,2,10,12,0,93,383,10,1783,930,6418,102,1404,28,242,29684,9,551,25,9,30,26,0,18,42,12,0,18,25,0,22,3,1,35,99,1,3,107,3,32,5,0,14,149,10,9,6756,0,1,0,8,1,183,0,6,0,0,0,5175,0,21,5,63,103,0,88,2,209,4,13,13,564,0,210,0,10,6871,658,0,733,1171,120,12,256,143,0,864,1625,0,0,0,0,0,0,3,0,0,0,41,5,209,0,203,0,15,20,0,14,26,107,0,39,153,0,27066,9,49,1,3328,1657,3,9,55,31002,0,9,0,0,8,43,3584,0,1,0,0,340,157,18,73795,4,17,10,0,10,0,0,6,6,8
26,2020-05-12,127,31,504,0,48,0,0,3,687,47,3,97,620,32,11,8,250,7,135,8778,2,2,7,0,118,0,113,1,11123,1,1,93,50,1,2,0,127,4857,1,0,42,323,4644,463,1,10,0,6,22,91,77,1,16,282,0,232,525,3,0,393,2145,533,17,7,0,61,2,25,0,0,0,292,26600,1,0,9,0,11,8807,0,0,151,0,0,13,5,26,16,12,3,10,15,0,108,425,10,2293,1007,6685,110,1494,33,261,30739,9,643,26,9,32,33,0,20,65,12,0,19,26,0,22,3,1,39,101,1,3,109,3,39,5,0,14,149,10,12,8887,0,1,0,9,1,188,0,6,0,0,0,5429,0,21,5,70,150,0,91,2,224,4,17,13,706,0,244,0,10,9258,726,0,811,1226,125,14,258,179,0,982,2116,0,0,0,0,0,0,3,0,0,0,41,5,255,0,218,0,20,21,0,15,27,110,0,52,206,0,27766,9,74,1,3674,1691,3,21,56,33034,0,11,0,0,8,45,3841,0,1,0,0,425,201,21,82391,5,19,10,0,10,0,0,10,9,8
27,2020-05-17,169,31,539,0,51,0,0,3,790,60,3,98,630,36,11,12,328,7,160,9007,2,2,9,0,164,0,129,1,14817,1,1,108,51,1,3,0,142,5546,1,0,55,421,4645,546,1,14,0,8,26,95,79,1,17,295,0,248,547,4,0,428,2594,612,25,7,0,63,2,25,0,0,0,299,27596,1,0,11,0,12,8938,0,0,162,0,0,13,5,30,16,16,3,10,20,0,134,451,10,2872,1148,6937,121,1548,34,273,31763,9,744,27,9,34,50,0,20,107,14,0,20,26,0,23,3,1,43,105,1,3,113,4,48,6,0,14,149,10,16,11426,0,1,0,9,1,192,0,6,0,0,2,5641,0,21,8,75,176,0,98,2,232,4,21,13,873,0,266,0,11,11824,817,0,915,1277,127,15,262,209,0,1094,2631,0,0,0,0,0,0,3,0,0,0,41,10,302,0,228,0,30,22,0,15,28,111,0,55,261,6,28253,9,97,1,3937,1701,3,39,56,34629,0,11,0,0,8,45,4096,0,1,0,0,514,214,21,89957,6,19,11,0,10,0,0,19,9,8
28,2020-05-22,205,31,572,0,51,3,0,3,965,74,3,100,640,43,11,12,432,7,190,9183,2,3,9,0,199,0,140,1,18859,1,1,125,52,1,3,0,159,6013,1,0,61,589,4645,630,1,14,0,10,30,97,80,1,17,310,0,250,563,10,0,448,2939,696,32,11,0,63,2,25,0,0,0,302,28164,1,0,12,0,12,9025,0,0,168,0,0,13,5,45,16,19,6,10,22,0,151,476,10,3583,1326,7249,140,1590,34,283,32486,9,796,29,9,35,50,0,20,129,14,0,22,26,0,26,3,1,46,108,3,3,114,4,60,6,0,14,153,10,19,14288,0,1,0,9,1,196,0,6,0,0,3,5749,0,21,17,84,211,0,111,2,234,4,31,13,1067,0,287,0,11,14512,846,0,972,1327,134,17,264,233,1,1156,3249,0,0,0,0,0,0,3,0,0,0,41,11,351,0,237,0,36,23,0,15,28,113,0,61,369,8,28576,9,121,1,4194,1718,3,44,56,36047,0,12,0,0,8,47,4249,0,1,0,0,588,237,21,95622,6,20,13,0,10,0,0,33,9,8
29,2020-05-27,230,33,614,0,51,4,0,3,1110,98,3,102,651,51,11,14,544,7,208,9337,2,3,9,0,261,0,149,1,23473,1,1,137,53,1,4,0,180,6525,1,1,66,806,4645,750,1,18,0,10,31,101,82,1,17,316,0,255,566,14,0,468,3203,797,36,12,0,63,2,26,0,0,0,304,28477,1,0,14,0,12,9085,0,0,173,0,0,14,5,59,16,20,6,11,31,0,182,505,10,4337,1473,7508,169,1618,34,286,32955,9,858,29,9,37,52,0,21,172,16,0,24,26,0,30,3,1,51,109,3,4,115,5,70,7,0,14,161,10,20,17195,0,1,0,9,1,202,1,6,0,0,4,5826,0,21,17,87,249,0,116,2,235,5,37,13,1225,0,310,0,11,17216,886,0,1024,1372,137,28,269,273,1,1216,3968,0,0,0,0,0,0,3,0,0,0,42,13,411,0,239,0,45,23,0,15,28,113,0,67,524,10,28899,10,184,1,4419,1724,4,47,57,37126,0,13,0,0,8,48,4397,0,1,0,0,658,253,21,100927,6,22,14,0,10,0,0,49,9,8
30,2020-06-01,269,33,650,0,51,4,0,3,1349,139,3,102,659,61,11,19,672,7,235,9453,2,3,9,0,310,0,153,1,28834,1,2,147,53,1,4,0,194,7053,1,4,68,1054,4645,890,2,19,0,10,34,103,83,1,17,318,0,259,575,24,0,502,3358,959,46,12,0,63,2,28,0,0,0,305,28746,1,0,20,0,12,9122,0,0,175,0,0,14,5,102,16,23,8,12,41,0,201,526,10,5394,1641,7797,205,1645,34,289,33415,9,892,29,9,41,64,0,21,212,16,0,25,27,0,30,5,1,55,110,6,4,115,6,77,9,0,14,171,10,23,20207,0,1,0,9,1,205,2,6,0,0,8,5921,0,22,35,88,287,0,133,2,236,5,49,13,1543,0,330,0,11,20116,957,0,1064,1422,143,38,271,297,1,1266,4855,1,0,0,0,0,0,3,0,0,0,42,13,503,0,243,0,47,23,0,15,28,113,0,78,683,14,29131,11,286,1,4621,1724,5,47,57,38104,0,13,0,0,8,48,4540,0,1,0,0,718,264,21,106231,6,22,15,0,14,0,0,80,9,8
31,2020-06-06,331,33,687,0,51,4,0,3,1616,190,3,102,673,78,11,22,846,7,259,9547,2,4,9,0,415,0,159,1,34021,1,2,160,53,1,5,0,208,7617,1,4,71,1448,4645,1087,2,21,0,10,37,103,83,1,17,325,0,270,586,26,0,525,3592,1166,53,12,0,63,3,36,0,0,0,305,29053,1,0,21,0,13,9157,0,0,180,0,0,14,5,158,16,23,12,12,50,0,243,542,10,6642,1801,8134,285,1662,34,296,33774,10,914,30,9,52,79,0,21,244,22,0,25,28,0,33,5,1,55,110,7,4,116,8,87,9,0,14,191,10,25,23513,0,1,0,9,1,208,2,6,0,0,14,5971,0,22,46,89,333,0,149,2,238,5,72,13,1935,0,363,0,11,23034,987,0,1137,1462,148,49,273,325,1,1316,5725,2,0,0,0,0,0,3,0,0,0,42,13,642,0,247,0,48,24,0,15,28,114,0,79,1461,22,29339,11,347,1,4805,1724,6,48,58,38822,0,13,0,0,8,49,4648,0,1,0,0,777,274,21,110436,6,23,16,0,20,0,0,111,9,8
32,2020-06-11,430,34,720,0,51,4,0,3,1936,245,3,102,682,98,11,32,1049,7,288,9607,2,5,9,0,487,0,161,1,38406,1,2,167,53,1,5,0,271,7871,1,5,74,2475,4645,1372,2,25,0,11,42,106,83,1,18,328,0,286,593,34,0,550,3720,1342,60,12,0,63,3,52,0,0,0,305,29257,2,0,21,0,13,9180,0,0,183,0,0,14,5,289,16,23,12,12,56,0,271,551,10,8102,2000,8506,426,1679,34,304,34114,10,920,30,9,67,89,0,21,275,26,0,26,30,0,34,5,1,58,110,10,4,118,8,96,9,0,14,219,10,28,26894,0,1,0,9,1,211,2,6,0,0,16,6012,0,22,55,89,382,0,164,2,242,5,84,13,2356,0,403,0,11,26040,1027,0,1206,1492,152,66,276,373,1,1360,6532,2,0,0,0,0,0,3,0,0,0,42,13,819,0,251,0,51,25,0,15,28,114,0,85,2075,24,29458,11,401,2,4977,1727,6,48,58,39399,0,13,0,0,8,49,4746,0,1,0,0,854,284,21,114177,6,23,19,0,23,0,0,129,9,8
33,2020-06-16,488,36,765,0,51,6,0,3,2253,293,3,102,693,119,11,46,1262,7,312,9644,2,9,9,0,611,0,165,1,43332,1,2,176,53,1,7,0,276,8118,1,14,76,3362,4645,1667,2,27,0,12,47,107,84,1,18,332,0,300,598,43,0,605,3929,1672,74,41,0,63,4,77,0,0,0,305,29373,3,0,27,0,14,9204,0,0,184,0,0,14,5,384,16,26,15,12,73,0,312,565,10,9900,2231,8950,652,1690,34,307,34371,10,927,30,9,81,104,0,23,298,29,0,30,32,0,36,10,1,60,110,10,6,121,8,104,9,0,14,241,10,28,30416,0,1,0,9,1,212,3,6,0,0,20,6036,0,22,55,90,424,0,193,2,242,5,108,13,2839,0,437,0,12,29047,1098,0,1256,1513,153,76,278,419,1,1427,7284,2,0,0,0,0,0,3,0,0,0,42,13,1011,0,255,0,52,26,0,15,28,114,0,88,2633,32,29577,11,468,4,5131,1729,6,50,58,39818,0,13,0,0,8,49,4825,0,1,0,0,913,291,21,117856,6,23,19,0,25,0,0,208,10,8
34,2020-06-21,585,43,825,0,52,8,0,3,2724,350,3,102,704,143,11,60,1464,7,343,9674,2,13,9,0,715,0,170,1,48954,1,3,199,53,1,8,0,300,8318,1,23,76,4295,4646,2045,5,27,0,12,53,107,85,1,19,338,0,318,602,45,0,655,4199,2106,93,41,0,63,5,89,0,0,0,306,29565,5,0,34,0,14,9238,0,0,190,0,0,14,5,483,16,27,17,12,87,0,349,570,10,13254,2465,9507,1013,1699,34,310,34610,10,953,31,9,118,121,0,25,319,35,0,30,32,0,37,10,1,60,110,13,11,121,8,109,9,0,14,256,10,31,33987,0,1,0,9,1,213,4,6,0,0,24,6060,0,22,64,91,506,0,233,2,244,5,128,13,3501,0,485,0,13,32020,1150,0,1346,1526,155,94,280,466,1,1500,8111,2,0,0,0,0,0,3,0,0,0,42,13,1230,0,260,0,54,26,0,15,28,114,0,88,3454,36,29663,11,521,8,5279,1730,7,52,58,40146,0,13,0,0,8,50,4927,0,1,0,0,1002,301,21,121137,6,24,19,0,30,0,0,254,10,10
35,2020-06-26,684,49,866,0,52,10,0,3,3334,410,3,104,717,174,11,71,1661,7,367,9708,2,14,9,0,876,0,175,1,53830,1,3,211,53,1,8,0,311,8451,1,40,76,4903,4648,2491,7,37,0,12,61,107,85,1,19,344,0,337,604,52,0,698,4343,2533,126,41,0,63,8,98,0,0,0,308,29675,10,0,40,0,14,9253,0,0,191,0,0,14,5,601,16,29,21,12,92,0,417,577,10,15301,2683,10130,1437,1709,34,320,34678,10,969,31,9,147,132,0,31,339,43,0,30,33,0,37,18,1,61,110,16,12,121,8,113,9,0,14,267,10,34,37258,0,1,0,9,1,217,5,6,0,0,28,6072,0,22,74,91,549,0,265,2,249,5,144,13,3962,0,547,0,13,34864,1212,0,1412,1549,156,106,282,504,2,1565,8781,2,0,0,0,0,0,3,0,0,0,42,13,1428,0,264,0,57,26,0,15,28,114,0,90,4312,38,29719,11,556,10,5391,1732,7,52,58,40463,0,14,0,0,8,50,5046,0,1,0,0,1086,308,21,123979,6,26,20,0,38,0,0,288,20,10
36,2020-07-01,778,62,900,0,52,13,0,3,3893,453,3,104,726,206,11,87,1888,7,392,9734,2,21,9,0,1071,0,186,1,58314,1,3,230,53,1,15,0,326,8532,1,47,76,5688,4648,3223,7,41,0,15,69,107,86,1,19,347,0,363,606,54,0,747,4527,2953,174,41,0,63,11,124,0,0,0,309,29760,15,0,42,0,15,9267,0,0,192,0,0,14,5,746,16,33,24,12,105,0,485,585,10,17400,2934,10817,1943,1716,34,329,34767,10,974,31,9,188,148,0,41,354,62,0,30,34,0,40,24,1,61,110,20,16,121,8,116,9,0,14,277,10,35,40706,0,1,0,13,1,228,6,6,0,0,32,6084,0,22,74,91,590,0,302,2,251,11,176,13,4395,0,620,0,17,37512,1266,0,1463,1580,159,113,282,551,2,1651,9536,2,0,0,0,0,0,3,0,0,0,42,13,1649,0,277,0,61,26,0,15,28,114,0,90,5143,40,29765,11,592,13,5475,1733,9,52,58,40708,0,14,0,0,8,50,5131,0,2,0,0,1173,315,21,128711,6,27,26,0,48,0,0,312,26,11
37,2020-07-06,891,76,940,0,52,19,0,3,4584,491,3,104,734,241,11,97,2096,7,423,9749,2,21,9,0,1378,0,196,1,64265,1,3,246,53,1,17,0,340,8638,1,52,76,6308,4648,3942,7,44,0,18,75,113,86,1,19,352,0,369,608,55,0,794,4781,3343,217,41,0,63,13,135,0,0,0,309,29808,16,0,44,0,15,9288,0,0,192,0,0,14,5,920,16,34,25,14,113,0,629,589,10,19693,3241,11571,2473,1720,34,343,34861,10,977,31,10,260,160,0,65,368,92,0,30,36,0,42,32,1,62,110,32,24,121,12,119,9,0,14,278,10,36,44265,0,1,0,14,1,235,8,6,0,0,38,6099,0,22,83,92,645,0,341,2,251,20,213,13,4762,0,720,0,20,40205,1297,0,1517,1617,163,128,284,592,2,1750,10296,3,0,0,0,0,0,3,0,0,0,42,13,1916,0,311,0,63,26,0,15,28,114,0,92,5685,42,29799,11,608,14,5537,1734,13,53,58,40887,0,15,0,0,8,50,5225,0,2,0,0,1262,323,21,132208,6,28,35,0,62,0,0,338,39,12
38,2020-07-11,979,85,984,0,52,23,0,3,5421,559,3,106,736,284,11,104,2305,7,454,9756,2,23,9,0,1638,0,216,1,69184,1,3,267,53,1,19,0,357,8712,1,53,76,6781,4648,4714,7,47,0,25,82,117,86,1,19,354,0,375,610,56,0,864,4983,3702,249,41,0,63,18,141,0,0,0,309,29910,23,0,46,0,15,9312,0,0,193,0,0,14,5,1092,16,37,25,16,130,0,704,593,10,22123,3535,12447,2960,1723,34,370,34938,10,982,31,10,332,181,0,87,383,125,0,30,36,20,51,38,1,62,110,34,32,121,13,121,9,0,14,292,10,37,48173,0,1,0,20,1,243,9,6,1,0,41,6110,0,22,91,92,709,0,367,2,252,30,244,13,5123,0,839,0,20,42985,1360,0,1562,1651,173,146,288,639,3,1847,11205,3,0,0,0,0,0,3,0,0,0,42,14,2151,145,370,0,64,26,0,15,28,114,0,92,6346,43,29816,11,649,17,5603,1737,16,55,58,41040,0,15,0,0,8,50,5323,0,2,0,0,1372,330,21,136234,6,29,55,0,80,0,0,364,45,17
39,2020-07-16,1117,101,1028,0,52,27,0,3,6430,607,3,111,743,319,11,117,2496,7,480,9771,2,28,9,0,1898,0,235,1,74133,1,3,289,53,1,19,0,371,8761,1,53,77,7186,4651,5625,7,48,0,36,88,120,87,1,19,358,0,379,614,56,0,929,5158,4067,286,41,0,63,21,163,0,0,0,309,30015,33,0,46,0,15,9326,0,0,193,0,0,14,5,1302,16,38,26,18,143,0,807,595,10,24915,3873,13410,3432,1728,34,399,34997,10,985,31,10,375,209,0,102,399,167,0,31,38,21,72,43,1,62,111,43,53,122,15,121,9,0,15,297,10,37,52046,0,1,0,25,1,259,9,6,2,0,42,6126,0,22,99,93,760,0,393,2,254,47,281,13,5426,0,960,0,25,45856,1614,0,1594,1680,184,151,291,666,3,1952,11937,4,0,0,0,0,0,3,0,0,0,42,14,2325,156,429,0,65,27,0,15,28,114,0,93,6939,43,29836,11,668,18,5647,1739,22,56,58,41145,0,15,0,0,8,50,5419,0,2,0,0,1445,335,21,140572,6,31,72,0,96,0,0,434,103,24
40,2020-07-21,1188,113,1075,0,52,29,0,3,7429,662,3,123,750,354,11,128,2709,7,503,9785,2,34,9,0,2151,0,259,1,79488,1,3,308,53,1,21,0,380,8815,1,55,77,8633,4653,6736,7,51,0,62,93,122,87,1,19,361,0,382,616,56,0,993,5318,4352,344,41,0,63,23,188,0,0,0,310,30054,38,0,46,0,16,9347,0,0,195,0,0,14,5,1502,16,40,26,19,146,0,900,596,10,28084,4320,14405,3869,1729,34,450,35058,10,988,31,11,585,238,0,129,408,634,0,31,41,24,75,49,1,63,111,62,66,123,15,121,9,0,15,303,10,38,55985,0,1,0,33,1,276,11,6,7,0,43,6131,0,22,99,93,801,0,432,2,255,66,326,13,5639,0,1096,0,31,48842,1835,0,1627,1695,195,159,296,701,3,2038,12580,5,0,0,0,0,0,3,0,0,0,42,14,2523,174,482,0,65,27,0,15,28,116,0,93,7659,47,29855,11,693,21,5684,1743,29,57,58,41225,0,15,0,0,8,50,5508,0,2,0,0,1518,340,21,145801,6,33,92,0,112,0,0,448,129,30
41,2020-07-26,1263,134,1134,0,52,39,0,3,8474,705,3,145,755,400,11,137,2928,7,530,9796,2,35,9,0,2473,0,285,1,85238,1,3,338,53,1,22,0,383,8844,1,59,77,9020,4659,7975,7,54,0,87,95,133,87,1,19,371,0,390,618,58,0,1055,5507,4558,390,41,0,63,28,224,0,0,0,310,30078,41,0,49,0,16,9376,0,0,201,0,0,14,5,1699,16,42,26,20,156,0,1061,596,10,32063,4781,15484,4284,1731,34,496,35102,10,996,31,11,585,278,0,159,429,832,0,31,47,29,77,58,1,63,112,78,94,123,15,123,9,0,15,304,10,38,59899,0,1,0,43,1,305,11,6,7,0,48,6136,0,22,108,93,856,0,460,2,255,78,371,13,5822,0,1250,0,38,51902,1897,0,1664,1720,217,164,298,737,3,2165,13269,5,0,0,0,0,0,3,0,0,0,42,14,2703,191,526,0,65,27,0,15,28,118,0,93,9141,47,29887,11,717,23,5706,1746,36,59,58,41299,0,17,0,0,8,50,5596,0,2,0,2,1605,343,21,151590,7,34,112,0,134,0,0,475,140,38
42,2020-07-31,1275,154,1188,0,52,51,0,3,9581,738,3,189,761,438,11,146,3111,7,559,9810,2,36,9,0,2808,0,328,2,90134,1,3,374,53,1,23,0,389,8881,1,59,77,9377,4666,9454,7,56,0,133,101,144,87,1,19,380,0,401,620,58,0,1146,5657,4774,439,83,0,63,40,278,0,0,0,312,30136,43,0,49,0,17,9398,0,0,203,0,0,14,5,1867,16,46,27,20,159,0,1259,596,10,35747,5131,16569,4671,1732,34,551,35132,10,1006,31,11,793,325,0,202,445,933,0,32,57,31,81,73,1,63,114,105,112,124,16,124,9,0,15,305,10,39,63735,0,1,0,47,1,346,11,6,9,0,60,6143,0,22,116,93,878,0,480,2,255,84,421,13,5951,0,1374,2,46,54995,1983,0,1709,1732,250,171,301,776,4,2304,13963,5,0,0,0,0,0,3,0,0,0,42,15,2842,205,565,0,68,27,0,15,29,121,0,93,10298,48,29939,11,731,26,5719,1748,41,60,58,41370,0,18,0,0,8,50,5674,0,2,0,3,1693,349,21,156967,8,35,137,0,154,0,0,488,150,57
43,2020-08-05,1298,176,1236,0,52,59,0,3,10830,770,3,232,774,468,14,152,3267,7,574,9833,2,38,9,0,3228,0,373,2,94665,1,3,415,54,1,26,0,389,8909,1,59,77,9745,4683,11017,7,58,0,171,104,154,88,1,19,390,0,401,621,59,0,1213,5808,4912,486,83,0,63,49,360,0,0,1,313,30176,45,0,51,0,17,9428,0,0,209,0,0,14,5,2037,16,48,27,21,166,0,1384,598,10,39795,5452,17617,5017,1733,34,617,35171,12,1022,31,11,1109,388,0,259,465,993,0,32,66,39,84,96,1,64,118,123,130,125,19,124,9,0,15,305,10,39,67348,0,1,0,53,1,417,15,6,11,0,64,6147,0,22,123,93,910,0,505,2,256,89,482,13,6014,0,1497,2,55,58072,2115,0,1738,1743,284,177,302,815,4,2480,14490,5,0,0,0,0,0,3,0,0,0,42,15,2984,218,605,0,68,27,0,16,29,126,0,93,11370,49,30006,11,763,27,5732,1752,46,61,58,41431,0,19,0,0,8,51,5765,0,2,0,5,1788,351,21,162675,8,36,167,0,180,8,0,507,174,85
44,2020-08-10,1316,199,1290,0,52,75,0,3,11928,796,3,295,783,488,14,162,3438,7,587,9856,2,38,9,0,3587,0,408,2,100477,1,3,447,54,1,32,0,396,8938,1,61,78,10077,4693,12540,7,60,0,228,106,157,88,1,19,393,0,411,623,59,0,1309,5922,5009,549,83,0,63,58,424,0,0,1,313,30201,48,0,51,0,17,9447,0,0,212,0,0,14,5,2211,16,50,29,22,182,0,1476,602,10,44386,5765,18427,5392,1736,34,669,35205,12,1047,31,11,1433,420,0,317,478,1029,0,32,76,42,85,120,1,64,121,148,146,125,19,125,9,0,16,305,10,39,70866,0,1,0,62,1,498,18,6,18,0,85,6154,0,22,123,93,945,0,527,2,256,103,513,13,6097,0,1609,3,72,61296,2270,0,1807,1760,311,184,305,850,5,2700,15001,7,0,0,0,0,0,3,0,0,0,42,15,3167,236,641,0,69,27,0,16,31,130,0,93,12894,49,30128,11,786,29,5744,1756,52,62,58,41487,0,23,0,0,8,51,5844,0,2,0,11,1922,357,21,168578,9,37,196,0,215,13,0,516,236,108
45,2020-08-15,1374,219,1339,0,53,86,0,3,13163,817,4,375,791,500,15,168,3625,7,603,9916,2,38,9,0,3884,0,469,3,105463,1,3,492,54,1,33,0,399,8977,1,61,78,10340,4708,14145,7,67,0,272,109,163,88,1,20,398,0,426,626,59,0,1409,6030,5124,595,83,0,63,68,509,0,0,1,313,30275,53,0,51,0,17,9469,0,0,223,0,0,14,5,2341,16,50,33,22,192,0,1542,607,10,49036,6071,19331,5709,1737,34,739,35234,14,1085,31,11,1433,465,0,371,494,1048,0,32,94,43,88,139,1,64,123,164,156,125,22,125,9,0,16,305,10,39,74126,0,1,0,73,1,611,19,6,34,0,112,6164,0,22,128,93,973,0,532,2,261,116,557,13,6162,0,1722,3,97,64381,2442,0,1858,1776,364,190,305,889,5,2904,15617,8,0,0,0,0,0,4,0,0,0,42,15,3338,251,665,0,70,27,0,17,31,131,0,93,14042,49,30268,11,798,40,5759,1758,58,63,58,41536,0,27,0,0,8,54,5934,0,2,0,17,2044,359,21,173892,9,37,223,0,259,22,0,529,257,132
46,2020-08-20,1387,234,1390,0,53,92,0,3,14528,836,4,450,797,509,20,178,3822,7,622,9962,4,39,9,0,4172,0,507,3,109888,1,3,527,55,1,36,0,408,9007,1,61,78,10578,4713,15619,7,68,0,314,112,168,88,1,21,409,0,434,626,59,0,1501,6146,5197,633,83,0,63,77,617,0,0,1,314,30334,54,0,53,0,17,9497,0,0,235,0,0,15,5,2467,16,53,33,26,196,0,1593,609,10,53866,6418,20125,6121,1738,34,799,35412,14,1144,32,11,1633,506,0,415,507,1054,0,33,109,48,88,169,1,65,124,173,164,125,24,125,9,0,16,306,10,39,77062,0,1,0,80,1,743,20,6,43,0,139,6182,0,22,133,93,985,0,551,2,264,127,603,13,6209,0,1809,3,161,67437,2795,0,1913,1790,409,193,307,919,5,3106,16099,10,0,0,0,0,0,5,0,0,0,42,15,3506,258,684,0,70,27,0,17,33,131,0,93,14909,49,30433,11,812,54,5768,1762,78,65,58,41581,0,27,0,0,12,63,6039,0,2,0,23,2184,367,21,178345,9,40,250,0,297,25,0,540,270,152
47,2020-08-25,1401,254,1444,0,53,100,0,3,15945,858,7,517,807,518,29,185,4028,7,646,9985,6,40,9,0,4509,0,547,6,114744,1,3,563,55,1,37,0,410,9035,1,61,78,10916,4718,17316,7,69,0,355,115,173,91,1,21,419,0,438,628,60,0,1573,6322,5280,669,83,0,64,83,693,0,0,1,314,30395,56,0,53,0,19,9514,0,0,242,0,0,15,7,2611,16,55,33,31,196,0,1654,613,10,58390,6858,20776,6519,1739,34,865,35441,16,1196,32,14,1781,554,0,470,518,1057,0,33,126,48,88,203,1,68,124,178,169,125,28,125,10,0,16,306,10,39,79869,0,1,0,84,1,920,21,6,63,0,181,6197,0,22,133,93,1004,0,568,2,264,150,637,13,6255,0,1892,4,205,70072,3010,0,1960,1806,438,194,310,950,2,3309,16568,14,0,0,0,0,0,5,0,0,0,42,15,3691,274,701,0,70,27,0,17,33,133,0,93,15645,49,30667,12,819,58,5780,1767,92,67,58,41625,0,27,0,0,15,71,6139,0,2,0,29,2318,376,21,183458,11,42,282,0,329,27,0,556,281,157
48,2020-08-30,1406,275,1489,0,53,107,0,3,17491,877,8,600,813,527,40,189,4248,7,671,10007,12,40,9,0,4846,0,594,6,119504,1,3,605,55,1,39,0,411,9075,1,61,79,11181,4728,18767,7,69,0,407,116,183,94,1,21,425,0,445,629,60,0,1673,6537,5376,708,83,0,64,91,771,0,0,2,314,30465,58,0,53,0,19,9524,0,0,260,0,0,15,10,2728,16,59,33,35,201,0,1827,614,10,63498,7343,21359,6891,1740,34,924,35473,19,1264,32,15,1781,572,0,498,528,1059,0,34,155,49,88,232,1,69,124,190,174,125,28,126,11,0,16,306,10,40,82502,0,1,0,92,1,1078,22,6,78,0,244,6218,0,22,137,93,1011,0,596,2,264,164,650,13,6288,0,1966,5,280,72573,3419,0,2032,1823,460,196,323,995,3,3539,17093,16,0,0,0,0,0,5,0,0,0,42,15,3840,284,710,0,71,27,0,17,33,133,0,97,16467,49,30951,12,823,66,5786,1769,106,68,58,41675,0,27,0,0,19,76,6284,0,3,0,36,2527,379,21,187959,14,43,311,0,358,32,0,564,285,198
49,2020-09-04,1413,301,1529,0,53,113,0,3,19351,891,12,678,820,538,47,190,4412,7,696,10021,13,40,9,0,5203,0,636,6,123780,1,3,658,55,1,41,0,415,9097,1,62,79,11422,4735,20348,7,81,0,453,120,194,100,1,21,432,0,445,631,60,0,1801,6648,5479,739,83,0,64,94,857,0,0,2,316,30539,61,0,53,0,19,9544,0,0,278,0,0,20,13,2804,16,61,38,41,206,0,1924,620,10,68472,7832,21926,7275,1741,34,1005,35507,27,1330,32,16,1878,585,0,538,536,1061,0,35,179,49,88,262,1,69,124,197,175,128,29,126,13,0,18,307,10,40,85087,0,1,0,104,1,1253,26,7,89,0,304,6232,0,22,141,93,1048,0,606,2,264,189,705,13,6335,0,2030,5,358,74677,3688,0,2092,1835,489,201,331,1041,5,3765,17649,18,0,0,0,0,0,6,0,0,0,42,15,3982,289,718,0,72,27,0,19,37,133,0,97,17049,49,31276,12,823,72,5798,1776,124,69,58,41712,0,31,0,0,28,87,6511,0,4,0,44,2761,387,21,191812,15,44,336,0,398,35,0,572,293,208
50,2020-09-09,1424,321,1569,0,53,124,0,3,21004,905,15,770,829,551,59,202,4593,7,721,10034,16,40,9,0,7054,0,669,9,126960,1,3,692,56,1,42,0,415,9108,1,62,81,11682,4740,21615,7,88,0,510,120,203,104,1,21,450,0,446,634,61,0,1889,10627,5560,765,83,0,64,96,950,0,0,2,318,30607,62,0,53,0,19,9587,0,0,290,0,0,23,19,2890,16,63,39,47,214,0,2023,626,10,73890,8336,22542,7657,1745,34,1081,35563,34,1393,32,19,1948,599,0,558,548,1063,0,35,207,49,88,324,1,69,124,206,176,128,31,127,14,0,18,307,10,40,87472,0,1,0,109,1,1427,28,12,98,0,352,6241,0,24,144,93,1067,0,631,2,264,215,742,13,6359,0,2099,5,449,76519,3916,0,2136,1852,532,205,344,1092,8,3967,18135,20,0,0,0,0,0,6,0,0,0,42,15,4137,293,727,0,73,27,0,19,37,135,0,97,17572,50,31659,12,834,91,5803,1785,140,70,58,41768,0,33,0,0,38,99,6782,0,5,0,56,2979,391,21,195567,18,45,362,0,436,35,0,577,298,219
51,2020-09-14,1429,334,1610,0,53,134,0,3,22655,919,16,810,843,559,67,213,4759,7,750,10046,19,40,9,0,7297,1,696,11,131210,1,3,720,56,1,44,0,415,9132,1,62,82,11949,4741,22734,7,88,0,590,121,224,108,1,21,472,0,447,637,61,0,1968,10903,5648,785,83,0,64,98,1014,0,0,2,323,30755,63,2,53,0,19,9630,0,0,305,0,0,24,26,2957,16,63,39,54,219,0,2065,637,10,79722,8841,23157,8014,1752,34,1162,35610,42,1442,32,24,1999,622,0,586,560,1063,0,35,241,51,88,368,1,71,125,211,177,128,33,128,16,0,18,308,10,40,89731,0,1,0,118,1,1578,35,32,111,0,406,6251,0,24,144,93,1082,0,648,2,265,250,780,13,6383,0,2155,6,514,78093,4371,0,2188,1873,588,205,363,1128,10,4163,18635,22,0,0,0,0,0,6,0,0,0,42,15,4268,297,733,0,73,27,0,19,38,137,0,98,17933,51,32155,12,836,93,5814,1801,155,72,58,41832,0,37,0,0,53,123,7056,0,5,0,68,3211,399,21,199303,19,45,394,0,477,35,0,584,313,225
52,2020-09-19,1441,353,1657,0,53,147,0,3,24386,928,23,837,855,571,69,220,4913,7,773,10064,19,40,9,0,7511,1,752,13,134935,1,3,753,56,1,50,0,416,9162,1,62,83,12199,4744,23665,7,89,0,666,121,244,111,1,22,514,0,450,641,61,0,2034,11044,5733,804,83,0,64,103,1073,0,0,2,325,31084,65,2,53,0,19,9689,0,0,327,0,0,26,33,3076,16,63,39,62,220,0,2122,675,10,85619,9448,23952,8408,1763,34,1262,35668,55,1495,32,29,1999,646,0,601,580,1063,0,36,281,51,88,426,1,71,125,217,179,129,33,128,19,0,18,308,10,40,91850,0,1,0,129,1,1755,40,81,125,0,458,6269,0,25,147,93,1094,0,683,2,267,286,818,13,6415,0,2213,6,584,79492,4830,0,2270,1900,627,209,378,1191,10,4360,19339,25,0,0,0,0,0,6,0,0,0,42,15,4430,302,739,0,73,27,0,19,39,144,0,98,18343,51,32750,13,836,95,5821,1815,168,73,59,41943,0,41,0,0,60,155,7377,0,5,0,74,3516,403,21,203014,19,46,423,0,520,35,0,586,330,225
53,2020-09-24,1455,370,1696,0,53,158,0,3,26153,945,25,859,874,578,77,231,5072,7,796,10087,21,40,9,0,7693,1,790,13,138108,1,3,779,56,1,54,0,418,9196,1,62,84,12345,4745,24570,7,89,0,760,121,257,118,1,22,575,0,453,650,61,0,2074,11171,5822,819,83,0,64,108,1142,0,0,2,328,31273,65,5,54,0,25,9755,0,0,357,0,0,42,38,3154,16,65,39,68,225,0,2206,709,10,91149,10105,24840,8754,1769,34,1393,35758,76,1520,32,35,2043,664,0,606,590,1063,0,36,328,53,88,474,1,74,125,226,179,133,34,130,27,0,20,308,10,40,93885,0,1,0,146,1,1918,49,133,129,0,523,6296,0,25,149,93,1102,0,710,2,270,317,875,13,6437,0,2285,7,705,80750,5091,0,2344,1934,653,212,393,1249,11,4550,19948,27,0,0,0,0,0,8,0,0,0,42,15,4569,304,744,0,73,27,0,20,41,149,0,98,18692,51,33358,13,836,100,5829,1821,181,74,59,42087,0,41,0,0,67,180,7711,0,5,0,82,3757,406,21,206172,19,46,445,0,564,35,0,587,333,228
54,2020-09-29,1462,380,1717,0,53,174,0,3,27914,958,25,875,901,586,89,245,5219,7,822,10130,24,40,9,0,7858,1,829,16,141741,1,3,807,58,1,59,0,418,9229,1,62,87,12698,4746,25488,7,89,0,847,121,272,122,1,22,638,0,454,655,61,0,2098,11280,5901,831,83,0,64,108,1178,0,0,2,329,31608,65,7,54,0,33,9840,301,0,383,0,0,53,46,3234,16,66,39,76,227,0,2289,757,10,96318,10601,25779,9052,1775,34,1540,35851,93,1557,32,51,2075,700,0,615,605,1064,0,37,351,53,88,540,1,77,125,229,179,134,34,130,34,0,20,308,10,40,95812,0,2,0,158,1,2113,59,256,131,0,585,6381,0,25,149,93,1111,0,729,2,274,353,924,13,6474,0,2340,7,803,81870,5381,0,2447,1963,691,214,407,1306,14,4748,20545,29,0,0,0,0,0,8,0,0,0,42,15,4712,310,748,0,73,27,0,22,45,155,0,99,19072,51,33991,13,836,102,5838,1832,194,75,59,42302,0,47,0,0,72,246,8062,0,5,0,84,4065,413,21,209759,19,47,463,0,606,35,0,588,333,229
55,2020-10-04,1466,392,1756,0,53,188,0,3,29580,977,27,893,926,594,96,258,5348,7,851,10188,28,41,9,0,8045,1,877,16,145388,1,3,841,59,1,62,0,420,9370,1,62,87,12919,4746,26397,7,89,0,930,121,293,122,1,22,738,0,456,661,61,0,2128,11597,5970,857,83,0,67,112,1214,0,0,2,331,31969,67,8,54,115,50,9933,303,0,405,0,0,75,51,3285,16,66,39,85,229,0,2386,822,10,101782,11151,26746,9347,1784,34,1721,35968,119,1597,32,88,2075,728,0,620,620,1066,0,38,398,57,88,592,1,81,126,232,179,137,34,131,39,0,21,308,10,42,97647,0,2,0,173,1,2293,64,371,135,0,659,6445,0,25,151,93,1113,0,753,2,275,390,935,13,6513,0,2406,7,890,82755,5678,0,2604,2001,725,216,421,1362,16,4947,21358,29,0,0,0,0,0,8,0,0,0,42,15,4850,312,753,0,73,27,0,22,55,160,0,99,19424,52,34725,13,836,105,5851,1839,204,77,59,42598,0,48,0,0,78,321,8384,0,6,0,98,4397,426,21,213280,20,48,479,0,643,35,0,590,334,229
56,2020-10-09,1476,411,1783,0,54,212,0,3,31617,1010,31,897,970,602,102,264,5477,7,880,10277,34,41,9,0,8192,2,913,18,148228,1,3,880,60,1,71,0,420,9502,1,62,90,13167,4746,27180,7,90,0,1024,121,310,123,1,24,917,0,458,670,61,0,2163,12141,6017,877,83,0,67,113,1262,0,0,2,336,32287,69,10,54,117,72,10080,308,0,430,0,0,77,58,3347,16,68,39,95,230,0,2466,913,10,106490,11667,27888,9683,1793,34,1903,36083,128,1616,32,144,2106,751,0,628,642,1077,0,40,439,59,88,621,1,87,129,235,180,146,34,131,41,0,22,308,10,42,99452,0,2,0,191,1,2486,68,535,137,0,757,6526,0,25,153,93,1113,0,775,2,275,422,1009,13,6552,0,2448,7,989,83612,6069,0,2867,2058,758,218,428,1433,16,5247,22257,29,0,0,0,0,0,8,0,0,0,42,15,4972,313,760,0,73,27,0,22,57,170,0,99,19894,56,35343,13,836,106,5864,1848,215,78,59,42970,0,49,0,0,84,409,8667,0,6,0,106,4779,438,21,216368,20,49,497,0,671,35,0,594,336,230
57,2020-10-14,1485,429,1818,0,57,225,0,3,33367,1039,32,899,1020,609,108,285,5593,7,906,10419,37,41,9,0,8326,2,947,20,150689,1,3,923,63,1,77,0,423,9589,1,62,93,13396,4746,27985,7,92,0,1108,121,330,123,1,25,1197,0,463,682,61,0,2183,12235,6071,899,83,0,68,115,1305,0,0,2,339,32679,69,11,54,118,109,10304,310,0,462,0,0,95,61,3410,16,70,41,104,230,0,2521,1023,10,110586,12156,29070,9970,1814,34,2090,36246,146,1638,32,225,2136,787,0,639,672,1094,0,41,479,60,88,669,1,94,133,237,181,163,35,132,44,0,22,308,10,43,101304,0,2,0,213,1,2685,73,693,140,0,891,6631,0,25,154,93,1116,0,800,2,277,459,1053,13,6601,0,2502,7,1096,84393,6372,0,3101,2121,788,220,438,1504,17,5535,23205,32,0,0,0,0,0,8,0,0,0,42,15,5087,316,767,0,73,28,0,22,66,187,0,99,20074,57,36020,13,836,107,5880,1872,231,79,59,43489,0,50,0,0,92,512,8957,0,6,0,112,5229,448,21,219646,20,51,512,0,704,35,0,597,345,231
58,2020-10-19,1501,451,1856,0,59,250,0,3,35061,1091,32,904,1067,623,122,300,5681,7,929,10590,43,41,9,0,8463,3,986,21,153675,1,3,986,65,1,86,0,425,9704,1,62,94,13635,4746,28803,7,92,0,1183,122,363,125,1,25,1569,0,485,691,61,0,2199,12387,6120,922,83,0,68,116,1352,0,0,2,342,33204,69,14,54,118,143,10654,312,0,509,0,0,111,66,3530,16,70,41,109,231,0,2563,1173,11,114610,12617,30375,10254,1836,34,2256,36543,171,1674,32,345,2178,832,0,643,701,1111,0,44,520,60,88,732,1,102,133,238,181,187,37,132,45,0,25,308,10,43,103221,0,2,0,231,1,2928,75,880,142,0,1021,6745,0,25,154,93,1125,0,834,2,278,478,1101,13,6659,0,2557,7,1179,85107,6652,0,3573,2193,813,224,444,1593,17,5872,24366,34,0,0,0,0,0,8,0,0,0,42,15,5185,319,776,0,74,28,0,22,92,213,0,99,20121,57,36790,13,836,109,5892,1908,248,80,59,44197,0,51,0,0,95,687,9296,0,6,0,119,5673,463,21,223389,21,51,529,0,731,35,0,598,346,232
59,2020-10-24,1507,469,1897,0,69,268,0,3,36746,1157,36,905,1143,648,130,311,5780,7,945,10908,46,41,9,0,8584,3,1065,25,155900,1,3,1077,65,1,94,0,426,9819,1,62,97,13844,4746,29636,7,92,0,1251,122,413,128,1,25,2171,0,487,706,61,0,2214,12528,6176,940,83,0,73,116,1400,0,0,2,347,34225,69,20,54,119,193,11417,316,0,559,0,0,115,69,3594,16,71,41,117,231,0,2604,1390,11,117956,13205,31985,10513,1860,34,2387,37059,182,1706,32,508,2178,884,0,649,740,1130,0,54,559,61,88,774,1,116,141,244,183,214,37,132,50,0,27,308,10,44,105471,0,2,0,253,1,3205,82,1038,142,0,1185,6967,0,25,155,93,1129,0,883,2,279,510,1147,13,6715,0,2612,7,1267,85763,6915,0,4172,2288,840,229,457,1664,20,6245,25821,34,0,0,0,0,0,8,0,0,0,42,15,5264,321,786,0,75,28,0,22,159,267,0,102,20331,58,37708,14,836,109,5919,2005,264,81,59,45207,0,52,0,0,103,877,9658,0,6,0,128,6289,475,21,227500,21,53,544,0,759,35,0,600,346,237
60,2020-10-29,1529,493,1941,0,72,278,0,3,38232,1272,36,907,1259,688,136,317,5886,7,969,11498,51,41,9,0,8672,3,1161,25,157946,1,3,1197,67,1,94,0,426,9954,1,62,98,14032,4746,30565,7,92,0,1329,125,493,128,1,25,2994,0,487,722,61,0,2232,12608,6234,962,83,0,73,116,1451,0,0,2,349,35484,70,29,55,119,273,12391,320,0,603,0,0,126,77,3682,16,71,41,119,232,0,2639,1634,11,120527,13701,33714,10770,1888,34,2513,37905,198,1733,32,700,2219,950,0,663,763,1139,0,64,602,61,88,823,1,138,148,244,184,246,37,136,59,0,30,308,10,44,107825,0,2,0,275,1,3506,91,1172,142,0,1334,7191,0,25,156,93,1139,0,963,2,281,537,1208,13,6759,0,2650,7,1347,86314,7114,0,4851,2408,860,230,462,1738,22,6681,27301,35,0,0,0,0,0,9,0,0,0,42,15,5348,323,803,0,75,28,0,22,200,340,0,104,20391,60,38806,19,837,111,5964,2159,278,82,59,46449,0,54,0,0,106,1153,10027,0,6,0,137,6868,485,21,231434,21,54,560,0,780,35,0,600,348,243
61,2020-11-03,1541,527,1980,0,75,289,0,3,39401,1413,38,907,1463,740,148,322,5983,7,989,12379,59,41,9,0,8731,3,1280,25,160074,1,3,1349,67,1,95,0,429,10127,1,62,99,14302,4746,31515,7,92,0,1396,127,594,129,1,26,4051,0,497,731,61,0,2250,12692,6291,983,83,0,73,117,1489,0,0,2,350,37128,70,38,55,120,362,13564,320,0,642,0,0,126,79,3738,16,73,42,126,232,0,2675,1973,12,123097,14146,35738,11017,1915,34,2603,39059,210,1780,32,913,2259,1027,0,687,786,1159,0,79,652,62,88,880,3,170,161,244,184,251,38,136,64,0,31,308,10,45,110176,0,2,0,312,1,3826,94,1282,142,0,1499,7461,0,25,156,93,1147,0,1025,2,282,565,1256,13,6835,0,2706,7,1418,86873,7269,0,5875,2601,896,232,472,1844,26,7153,28828,35,0,0,0,0,0,9,0,0,0,42,16,5437,326,833,0,75,28,0,22,235,474,0,104,20438,61,40133,23,837,111,6037,2441,295,82,59,48077,0,57,0,0,109,1483,10402,0,6,0,145,7532,497,21,236165,21,59,573,0,801,35,0,602,349,246
62,2020-11-08,1556,557,2036,0,75,303,0,3,40516,1559,39,907,1730,811,152,329,6067,7,1004,13391,67,43,9,0,8781,3,1490,28,162015,1,3,1632,67,1,100,0,431,10380,1,62,100,14499,4748,32405,7,92,0,1453,127,752,130,2,27,5156,0,498,750,61,0,2263,12815,6355,1006,85,0,73,117,1518,0,0,2,354,39849,70,39,55,121,475,15024,320,0,749,0,0,133,89,3811,16,74,42,133,232,0,2741,2438,18,126121,14614,37832,11283,1946,34,2682,41063,218,1812,32,1181,2259,1103,0,734,808,1177,0,99,713,62,88,920,3,204,189,249,184,282,40,137,76,0,33,308,10,45,112749,0,2,0,329,1,4197,99,1396,144,0,1662,7945,0,25,157,93,1154,0,1110,2,285,584,1286,13,6943,0,2770,7,1472,87414,7485,0,7636,2865,941,232,478,1917,27,7793,30537,36,0,0,0,0,0,12,0,0,0,42,16,5525,326,880,0,75,28,0,22,351,620,0,107,20498,61,41821,35,1116,112,6152,2850,313,83,60,49897,0,57,0,0,111,1848,10803,0,6,0,167,8450,514,21,241719,23,61,581,0,821,35,0,602,349,252
63,2020-11-13,1591,598,2111,0,75,315,0,3,41714,1697,43,907,2101,885,155,332,6159,7,1027,14385,75,43,9,0,8818,3,1750,28,163373,1,3,1970,68,1,102,0,433,10628,1,62,101,14699,4749,33312,7,92,0,1513,128,925,131,2,34,6121,0,501,762,61,0,2274,12946,6417,1028,85,0,76,117,1554,0,0,2,369,42628,70,52,57,122,636,16713,322,1,959,0,0,139,91,3858,16,74,43,137,232,0,2797,2883,24,128668,15037,40121,11532,1978,35,2726,43589,225,1867,32,1547,2306,1203,0,775,830,1195,0,116,775,62,88,985,5,264,213,249,185,303,41,138,92,0,37,310,10,46,115247,0,2,0,355,1,4570,104,1508,147,0,1826,8286,0,25,158,93,1162,0,1238,2,294,617,1326,13,7055,0,2823,7,1532,87931,7721,0,9080,3202,981,234,488,1995,28,8510,32443,41,0,0,0,0,2,12,0,0,0,42,16,5605,326,955,0,75,28,0,23,491,809,0,107,20604,61,43477,53,1116,113,6299,3315,333,84,60,51981,0,60,0,0,111,2151,11233,0,6,0,177,9317,523,21,247818,23,63,594,0,838,35,0,603,350,256
64,2020-11-18,1638,637,2186,0,76,328,0,4,42610,1839,44,907,2584,985,163,337,6275,7,1060,15294,94,43,9,0,8859,3,2042,30,166014,1,3,2413,68,1,103,0,433,10968,2,63,102,14883,4749,34223,7,93,0,1566,130,1113,131,2,40,6951,0,504,776,61,0,2290,13025,6481,1052,85,0,84,119,1588,0,0,2,382,45938,70,61,58,122,815,18687,323,1,1228,0,0,139,100,3947,16,75,43,139,232,0,2839,3380,25,130993,15503,42461,11752,2017,35,2777,46464,231,1913,32,1909,2365,1302,0,839,848,1212,0,137,839,62,88,1041,9,351,243,250,185,318,45,141,103,0,37,313,10,46,117849,0,3,0,395,1,4932,118,1625,151,0,1942,8601,0,25,159,94,1163,0,1376,2,299,658,1350,13,7193,0,2881,7,1602,88413,7862,0,11035,3578,1051,235,496,2080,31,9261,34387,46,0,0,0,0,2,12,0,0,0,43,16,5692,329,1054,0,75,28,0,24,579,1006,0,108,20694,61,45120,69,1179,115,6490,3759,354,85,60,54164,0,62,0,0,112,2445,11704,0,6,0,189,10112,538,21,253953,23,67,599,0,855,35,0,604,356,260
65,2020-11-23,1687,699,2275,0,76,337,0,4,43255,1976,45,907,3146,1107,163,338,6416,7,1096,16072,112,43,9,0,8904,3,2276,32,168989,1,3,2880,68,1,104,0,436,11343,2,63,102,15069,4749,35104,7,94,0,1624,132,1353,132,3,44,7615,0,511,796,61,0,2310,13201,6548,1075,85,0,88,120,1647,0,0,2,408,48384,70,63,59,123,1012,20950,323,3,1630,0,0,144,106,4076,16,75,43,143,232,0,2857,3891,26,133738,16002,44802,11958,2045,35,2826,49823,238,1981,32,2236,2417,1380,0,904,866,1237,0,162,900,62,88,1089,13,460,275,251,185,335,46,145,113,0,39,314,10,48,120576,0,3,0,433,1,5316,124,1739,156,0,2058,8868,0,25,159,94,1167,0,1511,2,311,714,1380,13,7662,0,2946,7,1652,88886,8123,0,13805,3910,1100,236,509,2175,35,10047,36540,47,0,0,0,0,2,12,0,0,0,44,17,5780,330,1199,0,75,28,0,24,693,1208,0,113,20903,62,46723,90,1202,116,6741,4202,376,86,60,56493,0,64,0,0,115,2821,12358,0,6,0,204,11075,552,21,262980,23,69,603,0,869,35,0,605,357,268
66,2020-11-28,1740,771,2372,0,76,342,0,4,44013,2121,45,907,3720,1256,163,341,6580,7,1136,16720,131,43,9,0,8939,3,2542,33,171460,1,3,3680,68,1,104,0,437,11728,2,63,102,15278,4749,36019,7,94,0,1679,132,1600,133,3,48,8271,0,515,823,61,0,2324,13358,6608,1102,85,0,104,120,1686,0,0,2,435,51554,70,73,59,123,1195,23815,323,5,2102,0,0,149,112,4141,16,76,43,149,232,0,2892,4516,26,136200,16646,47095,12167,2069,35,2859,53677,250,2074,32,2570,2417,1441,0,965,874,1262,0,193,980,62,89,1153,17,572,309,251,185,350,46,149,132,0,40,315,10,49,123459,0,3,0,468,1,5689,128,1865,160,0,2217,9249,0,25,160,94,1171,0,1658,2,328,776,1391,13,7897,0,3018,7,1704,89373,8255,0,16777,4291,1180,237,522,2276,40,10884,39068,47,0,0,0,0,2,12,0,0,0,44,17,5857,332,1423,0,75,28,0,25,798,1472,0,113,21378,62,48151,109,1241,117,7058,4652,404,86,60,58825,0,64,0,0,116,3106,13191,0,6,0,223,12093,567,21,271548,23,74,608,0,884,35,0,605,357,275
67,2020-12-03,1822,839,2464,0,76,351,0,4,44668,2254,45,908,4387,1433,163,341,6748,7,1174,17288,148,44,9,0,8963,3,2773,35,173817,1,3,4347,68,1,105,0,443,12134,2,63,103,15438,4751,36934,7,94,0,1731,133,1916,136,7,52,8825,0,519,865,61,0,2334,13562,6694,1129,85,0,122,122,1715,0,0,2,460,53455,70,77,60,123,1387,26483,325,5,2606,0,0,149,112,4191,16,76,44,151,233,0,2927,5324,27,138648,17355,48990,12340,2103,35,2899,57045,258,2213,32,2854,2477,1484,0,1030,882,1281,0,235,1055,62,89,1200,18,695,345,251,185,365,47,161,148,0,41,317,10,49,126521,0,3,0,503,1,5985,132,1998,164,0,2359,9481,0,25,161,100,1177,0,1825,2,353,854,1430,13,8166,0,3098,7,1771,89850,8436,0,18859,4656,1257,239,529,2420,40,11665,41607,50,0,0,0,0,2,12,0,0,0,46,17,5919,335,1704,0,75,29,0,25,930,1740,0,121,21709,62,49328,129,1280,117,7363,5101,426,87,60,61018,0,65,0,0,120,3359,14129,0,6,0,238,12960,580,21,279918,23,78,611,0,901,35,0,606,357,277
68,2020-12-08,1902,922,2527,0,78,354,0,4,45109,2372,45,908,5036,1632,163,341,6906,7,1215,17764,173,44,9,0,8995,3,3012,36,176941,1,3,5010,69,1,105,0,443,12612,2,63,103,15663,4753,37808,7,99,0,1810,133,2233,136,7,64,9333,0,526,909,61,0,2346,13780,6790,1164,85,0,134,123,1755,0,0,2,496,55158,71,79,60,123,1576,29727,326,5,3092,0,0,149,113,4274,16,79,44,153,233,0,2946,6120,27,140958,18000,50594,12460,2129,35,2943,60606,265,2382,32,3116,2542,1531,0,1110,897,1301,0,288,1115,62,89,1243,20,859,370,255,185,384,47,175,157,0,41,327,10,49,129597,0,3,0,532,1,6320,136,2132,167,0,2469,9681,0,25,161,101,1181,0,1949,2,361,942,1452,13,8398,0,3193,7,1853,90339,8572,0,20623,5051,1330,239,552,2515,41,12447,44159,51,0,0,0,0,2,12,0,0,0,48,17,5977,340,2005,0,75,29,0,25,1046,2033,0,121,22249,63,50395,142,1309,117,7692,5510,452,87,60,63177,0,65,0,0,122,3596,15103,0,6,0,245,13928,594,21,291971,23,82,611,0,919,35,0,607,364,294
69,2020-12-13,1960,989,2584,0,78,366,0,4,45738,2486,46,908,5678,1840,163,348,7052,7,1254,18242,185,44,9,0,9013,3,3298,38,180437,1,3,5626,71,1,110,0,447,13166,2,63,103,15846,4756,38669,7,99,0,1895,134,2562,137,8,79,9828,0,538,946,61,0,2360,13874,6898,1193,85,0,148,127,1803,0,0,2,519,57392,71,91,63,123,1790,34269,327,5,3540,0,0,152,117,4405,16,79,44,154,233,0,2971,6965,28,143019,18819,51949,12565,2157,35,3008,64036,271,2562,32,3335,2542,1586,0,1176,911,1307,0,349,1190,62,89,1278,21,1042,402,259,186,411,48,189,169,0,41,334,10,52,132958,0,3,0,568,1,6589,140,2245,171,0,2559,9990,0,25,162,101,1194,0,2096,2,387,1062,1463,13,8724,0,3309,8,1927,90846,8730,0,22895,5469,1412,240,580,2624,41,13264,46941,56,0,0,0,0,4,12,0,0,0,51,17,6036,349,2275,0,76,29,0,26,1175,2280,0,121,23106,63,51410,152,1355,117,8063,5952,506,87,60,65377,0,66,0,0,122,3836,16199,0,6,0,258,15154,609,21,305721,23,90,612,0,944,35,0,607,366,307
70,2020-12-18,2032,1055,2640,0,79,382,0,5,46484,2596,47,908,6205,2050,164,349,7217,7,1299,18726,212,44,9,0,9029,3,3549,38,183735,1,3,6339,74,1,110,0,448,13708,2,63,103,16007,4766,39560,7,100,0,1967,134,2955,137,11,88,10392,0,551,1007,61,0,2375,13932,7015,1227,85,0,168,135,1831,0,0,2,547,59245,71,101,63,123,2002,38873,331,6,3948,0,0,154,119,4551,16,80,44,158,234,0,3013,7725,28,144789,19514,53095,12650,2174,35,3075,67220,279,2783,33,3496,2609,1618,0,1223,913,1324,0,409,1248,62,89,1337,24,1224,433,259,187,432,48,211,183,0,42,337,10,53,136617,0,3,1,609,1,6804,145,2377,178,0,2637,10293,0,25,163,101,1201,0,2225,2,404,1186,1483,13,9080,0,3439,8,2014,91415,8850,0,24802,5908,1495,242,645,2751,42,13969,49762,57,0,0,0,0,4,12,0,0,0,55,17,6091,355,2529,0,76,29,0,26,1440,2515,0,124,24011,63,52268,165,1434,117,8534,6410,571,89,60,67615,0,66,0,0,123,4032,17364,0,6,0,268,16256,629,21,318300,23,102,612,0,970,35,0,607,369,314
71,2020-12-23,2105,1111,2687,0,82,393,0,5,47141,2691,47,908,6683,2253,169,350,7359,7,1341,19166,224,44,9,0,9043,3,3792,38,187291,1,3,6879,77,2,112,0,448,14235,2,63,103,16217,4773,40680,7,100,0,2037,134,3328,139,11,104,10911,0,566,1091,61,0,2398,13949,7167,1265,85,1,192,142,1864,0,0,2,568,61326,71,106,64,123,2233,43378,333,6,4340,0,0,155,121,4718,16,80,45,159,235,0,3034,8616,28,146444,20408,54003,12725,2202,35,3158,69842,288,2994,39,3627,2669,1647,0,1262,923,1337,0,479,1311,64,89,1385,31,1435,457,260,187,439,48,225,201,0,42,337,10,54,140579,0,3,1,630,1,7030,150,2484,186,0,2686,10612,0,25,164,101,1231,0,2340,2,421,1316,1490,13,9474,0,3597,9,2103,92030,9021,0,26286,6267,1563,243,739,2880,42,14636,52461,67,0,0,0,0,5,12,0,0,0,56,17,6139,372,2782,0,76,29,0,26,1686,2706,0,127,25246,63,53071,184,1492,118,8948,6852,630,89,60,70245,0,66,0,0,125,4237,18602,0,6,0,283,17172,642,21,331533,23,119,612,0,993,35,0,607,379,326
72,2020-12-28,2170,1153,2728,0,83,400,0,5,47755,2775,47,908,7146,2454,169,351,7479,7,1385,19534,228,44,10,0,9093,3,3953,40,190795,1,3,7164,78,2,112,0,448,14901,2,63,105,16443,4778,41943,7,100,0,2117,136,3671,142,12,115,11476,0,584,1200,61,0,2404,13992,7405,1305,86,1,213,165,1909,0,0,2,580,62370,71,108,64,123,2418,46971,335,6,4606,0,0,155,121,4768,16,80,45,164,236,0,3065,9161,28,147901,21452,54693,12780,2244,35,3263,71925,295,3252,41,3758,2749,1658,0,1299,931,1349,0,578,1394,64,89,1436,40,1658,488,261,188,452,48,254,215,0,42,340,10,54,144771,0,3,1,658,1,7240,161,2618,197,0,2728,10971,0,25,164,101,1254,0,2445,2,429,1434,1495,13,9874,0,3799,9,2174,92647,9109,0,27233,6632,1630,244,819,2968,42,15230,55265,75,0,0,0,0,5,12,0,0,0,59,17,6185,388,3030,0,76,29,0,26,1879,2881,0,127,26735,63,53928,194,1536,119,9422,7274,678,90,60,73237,0,68,0,0,125,4466,19878,0,6,0,299,17849,657,21,344570,23,147,613,0,1013,35,0,608,383,349
73,2021-01-02,2211,1186,2756,0,84,405,0,5,48485,2836,49,909,7533,2641,171,352,7599,7,1433,19888,248,44,10,0,9165,3,4086,44,194949,1,3,7604,86,2,113,0,448,15498,2,63,105,16660,4790,43213,10,112,0,2185,138,3961,146,14,130,12170,0,596,1347,61,0,2416,14051,7687,1343,86,3,241,215,1937,0,0,2,600,64387,71,114,64,124,2572,51614,335,7,4881,0,0,155,122,4820,16,81,45,164,236,0,3141,9781,29,149218,22555,55337,12824,2294,35,3406,74621,303,3514,44,3851,2749,1681,0,1326,936,1358,0,668,1466,64,89,1487,44,1894,509,262,191,474,48,271,220,0,43,350,10,55,149455,0,3,1,682,1,7425,167,2711,209,0,2776,11495,0,25,165,106,1294,0,2510,2,436,1550,1499,13,10176,0,4022,9,2262,93366,9248,0,29143,6984,1683,245,942,3155,42,15841,58002,94,0,0,0,0,5,12,0,0,0,61,17,6230,410,3250,0,76,29,0,27,2250,3061,0,130,28887,64,54859,211,1577,122,9903,7686,717,91,64,76722,0,68,0,0,127,4730,21093,0,6,0,305,18731,671,21,359521,23,181,614,0,1028,35,0,611,390,369
74,2021-01-07,2253,1217,2786,0,84,413,0,5,49597,2901,50,909,7863,2792,175,353,7718,7,1480,20173,258,44,11,0,9241,3,4248,46,197732,1,3,7961,89,2,113,0,451,16118,2,63,106,16816,4795,44428,16,112,0,2248,139,4223,148,16,141,12960,0,610,1477,61,0,2419,14146,7975,1373,86,3,265,261,1965,0,1,2,621,66184,73,121,66,125,2694,55455,336,10,5099,0,1,155,123,4899,16,81,45,166,236,0,3186,10325,29,150336,23520,55830,12865,2361,35,3563,76877,306,3791,53,3955,2845,1694,0,1347,938,1363,0,790,1537,73,89,1546,48,2101,526,262,199,513,49,285,228,0,43,374,10,56,154653,0,4,1,699,1,7618,172,2799,242,0,2822,11974,0,25,166,115,1324,0,2571,2,467,1663,1504,13,10461,0,4238,9,2321,94255,9347,0,30326,7405,1727,245,1046,3239,42,16299,60457,112,0,0,0,0,5,12,0,0,0,64,17,6272,433,3444,1,76,29,0,27,2717,3220,0,130,31368,64,55826,219,1604,125,10346,8001,747,91,67,80753,0,70,0,0,127,5004,22070,0,6,0,309,19505,689,21,372523,24,217,615,0,1042,35,0,611,417,431
75,2021-01-12,2301,1247,2812,0,86,420,0,5,50503,2941,51,909,8164,2909,175,356,7819,7,1526,20438,274,46,12,1,9376,3,4358,71,203100,1,3,8232,92,2,115,0,451,16849,2,63,108,17162,4800,46114,25,112,0,2338,140,4403,153,19,156,13857,0,625,1628,61,0,2427,14184,8249,1428,86,6,292,298,2003,0,1,2,641,67677,74,124,66,125,2820,59050,341,16,5302,0,1,156,124,5025,16,81,45,169,238,0,3273,10853,29,151327,24645,56262,12906,2499,35,3748,79203,313,4094,59,4043,2885,1713,0,1373,945,1374,0,882,1629,85,89,1589,50,2291,544,267,235,555,49,299,234,0,43,388,10,56,160432,0,6,1,725,1,7767,197,2878,267,0,2860,12397,0,25,166,130,1361,0,2635,2,509,1768,1508,13,10676,0,4455,9,2405,95274,9416,0,31674,7968,1785,246,1165,3307,42,16725,62804,124,0,0,0,0,5,12,0,0,0,65,17,6295,480,3610,1,77,29,0,27,3102,3359,0,130,33579,64,56969,244,1667,133,10818,8301,781,91,67,85798,0,73,0,0,128,5284,22981,0,6,0,314,20019,711,21,390033,24,256,617,0,1067,35,0,613,471,528
76,2021-01-17,2339,1270,2831,0,91,431,0,6,51325,2992,52,909,8493,2983,175,358,7906,7,1573,20687,281,46,12,1,9571,3,4449,71,208246,1,3,8474,102,2,119,0,455,17606,2,63,112,17435,4804,47868,41,117,0,2416,142,4588,166,19,170,14699,0,630,1776,61,0,2432,14316,8527,1479,86,6,325,360,2029,0,1,2,662,69753,75,126,66,128,2933,63236,358,30,5441,0,1,156,126,5220,16,81,45,170,240,0,3344,11341,29,152274,25987,56717,12935,2742,35,4018,81800,323,4446,62,4137,2885,1728,0,1395,947,1384,0,978,1866,93,89,1651,50,2462,558,273,327,594,49,308,239,0,43,402,10,58,166819,0,8,1,741,1,7911,234,2955,284,0,2892,12937,0,25,167,140,1420,0,2696,2,517,1861,1509,13,10908,0,4689,9,2479,96621,9884,0,33433,8750,1829,246,1249,3396,45,17164,65566,140,0,0,0,0,6,12,0,1,0,65,17,6318,509,3730,1,77,29,0,27,3474,3490,0,130,36851,64,58556,264,1700,139,11266,8581,824,91,70,91824,0,73,0,0,130,5616,23832,0,6,0,315,20802,740,21,407379,24,291,619,0,1095,35,0,613,537,683
77,2021-01-22,2370,1296,2854,0,93,448,0,6,52371,3030,52,909,8780,3044,175,366,7981,9,1619,20952,286,48,12,1,9764,3,4536,105,212831,1,3,8741,107,2,122,0,455,18334,2,63,115,17702,4809,49792,62,117,0,2492,143,4738,184,20,181,15474,0,646,1933,61,0,2482,14526,8801,1530,86,6,358,441,2057,0,1,2,683,71607,76,128,66,128,3022,66368,367,53,5570,0,1,156,128,5389,16,81,45,170,240,0,3406,11811,29,153032,27453,57150,12977,3034,35,4267,84202,331,4830,62,4198,2956,1739,0,1423,951,1396,0,1076,2151,113,89,1716,53,2611,568,273,440,642,50,320,248,0,44,411,10,58,173866,0,9,2,758,1,8076,283,3031,319,0,2919,13322,0,25,168,149,1485,0,2754,2,544,1925,1517,13,11157,0,4912,9,2557,98442,10116,0,34984,9727,1868,248,1328,3466,45,17554,68412,162,0,0,0,0,10,12,0,2,0,65,17,6342,552,3830,3,77,29,0,27,3894,3627,0,130,39501,65,60654,278,1733,146,11666,8811,866,91,71,98380,0,74,0,0,133,5989,24640,0,7,0,319,21662,766,21,422342,24,336,620,0,1122,35,0,615,597,917
78,2021-01-27,2389,1332,2871,0,97,462,0,6,53195,3056,57,909,9067,3093,175,370,8072,10,1668,21205,293,48,12,1,10051,3,4621,124,217664,1,3,8916,120,2,129,0,462,19106,2,63,117,18023,4816,51747,77,117,0,2558,148,4882,200,20,193,16181,0,661,2055,62,0,2564,14668,9067,1583,86,7,398,517,2075,0,1,2,697,73713,76,131,67,128,3108,68670,390,65,5692,0,1,157,129,5486,16,82,45,172,243,0,3462,12198,29,153724,28855,57560,13010,3343,35,4572,86422,339,5252,63,4248,3035,1750,0,1461,957,1405,0,1138,2477,146,89,1789,53,2733,576,279,601,700,51,327,258,0,44,419,10,59,180951,0,9,2,770,1,8187,329,3089,346,0,2953,13647,0,25,169,155,1522,0,2812,2,556,1977,1524,13,11376,0,5098,9,2632,100691,10386,0,36131,11055,1895,248,1378,3532,45,17938,71076,181,0,0,0,0,13,12,0,2,0,65,17,6359,592,3924,3,77,29,0,27,4361,3755,0,130,41797,65,63229,290,1751,149,11966,9023,895,91,76,104373,0,76,0,0,134,6370,25344,0,8,0,320,22202,805,21,437461,24,390,621,0,1154,35,0,616,672,1103
79,2021-02-01,2404,1380,2891,0,101,466,0,7,53896,3084,58,909,9326,3126,176,375,8137,12,1718,21406,301,52,12,1,10330,3,4705,144,223945,1,3,9045,121,2,134,0,474,19802,2,63,119,18452,4825,53650,93,122,0,2612,155,5027,214,20,202,16876,0,673,2149,63,0,2666,14859,9316,1623,86,7,422,565,2093,0,1,2,702,75661,76,131,68,131,3194,70752,433,75,5796,0,1,157,129,5643,16,82,45,176,245,0,3592,12578,29,154392,30277,57959,13047,3661,35,4816,88516,350,5722,66,4316,3126,1763,0,1488,959,1412,0,1202,3082,172,89,1877,53,2845,587,281,707,760,52,330,269,0,44,421,10,61,187430,0,13,2,802,1,8275,367,3138,358,0,2962,13979,0,25,169,161,1586,0,2855,2,567,2012,1529,13,11657,0,5244,9,2704,103396,10749,0,37299,12507,1937,248,1425,3625,46,18335,73619,196,0,0,0,0,13,12,0,2,0,67,17,6375,628,4020,4,79,29,0,27,4711,3857,0,130,44164,66,66025,323,1808,154,12229,9192,921,91,77,109654,0,77,0,0,134,6754,25993,0,9,0,321,22768,850,21,454950,24,431,621,0,1183,35,0,616,763,1217
80,2021-02-06,2408,1433,2909,0,104,474,0,7,54597,3114,61,909,9566,3148,176,377,8190,18,1764,21632,306,55,12,1,10633,3,4775,163,228795,1,3,9302,134,3,135,0,474,20364,2,63,125,18808,4831,55131,105,122,0,2662,161,5122,229,21,213,17537,0,679,2223,63,0,2773,14982,9560,1662,86,7,456,600,2136,0,1,2,716,78172,79,133,71,134,3269,72668,472,79,5922,0,1,158,129,5816,16,84,46,177,246,0,3669,13026,29,154918,31393,58336,13103,3902,35,5062,90618,357,6243,67,4362,3126,1776,0,1509,964,1423,0,1327,3495,183,89,1936,53,2940,595,285,804,845,54,336,279,0,45,425,10,64,193434,0,19,2,826,1,8368,436,3168,378,0,2968,14281,0,25,170,165,1641,0,2908,2,582,2055,1532,13,11886,0,5391,9,2779,106326,11058,0,39068,13761,1968,250,1464,3702,47,18748,76229,213,0,0,0,0,18,12,0,3,0,69,18,6393,666,4099,6,79,29,0,27,5135,3951,0,132,45902,67,68562,351,1833,158,12436,9312,943,91,79,113889,0,79,0,0,135,7099,26577,0,9,0,324,23516,902,21,468824,24,476,621,0,1216,35,0,616,828,1303
81,2021-02-11,2419,1503,2926,0,106,487,0,9,55264,3135,66,909,9758,3163,178,391,8248,20,1811,21835,310,56,12,1,10929,4,4853,195,233520,1,3,9527,136,3,138,0,474,20752,2,63,127,19105,4834,56507,120,123,0,2698,170,5238,249,22,221,18202,0,685,2279,63,0,2883,15116,9804,1709,87,7,480,616,2167,0,1,2,728,80006,79,135,71,135,3321,73863,533,83,6034,0,1,159,130,5989,16,84,46,181,247,0,3789,13444,29,155360,32381,58686,13140,4116,35,5261,92338,362,6678,67,4411,3185,1791,0,1522,980,1437,0,1416,3803,210,91,1989,54,3027,605,285,905,923,56,340,286,0,45,427,10,69,198545,0,20,2,852,1,8436,486,3184,390,0,2985,14585,0,25,171,167,1702,0,2959,2,592,2100,1537,13,12128,0,5531,9,2862,109501,11401,0,40249,14724,1992,253,1496,3776,47,19135,78687,229,0,0,0,0,22,12,0,6,0,72,18,6415,712,4168,7,79,29,0,27,5629,4016,0,139,47145,71,70650,379,1850,163,12589,9417,965,91,80,117277,0,80,0,0,136,7378,27093,0,9,0,325,24058,956,21,480935,24,506,622,0,1247,35,0,617,901,1364
82,2021-02-16,2428,1567,2943,0,107,493,0,9,55782,3150,68,909,9935,3180,179,406,8298,24,1858,22033,313,62,12,1,11202,4,4916,226,239245,1,3,9671,138,3,139,0,500,21145,2,63,131,19624,4838,57605,133,123,0,2723,176,5339,269,22,227,18873,0,694,2322,63,0,2959,15355,10050,1750,88,7,508,634,2209,0,1,2,741,81775,80,135,75,138,3377,74886,568,87,6152,0,1,160,130,6150,17,85,46,186,247,0,3866,13837,29,155813,33596,59028,13185,4264,35,5414,93835,378,7015,68,4473,3246,1795,0,1535,1009,1444,0,1486,4037,243,91,2042,55,3106,614,292,963,975,58,344,297,0,45,430,10,81,202775,0,21,2,890,1,8491,547,3192,401,0,2988,14829,0,26,171,169,1760,0,2998,2,593,2133,1543,13,12333,0,5636,0,2936,112946,11517,0,41099,15411,2021,255,1534,3848,47,19445,80979,239,0,0,0,0,23,12,0,6,0,72,19,6438,754,4245,9,79,0,0,27,6063,4073,0,154,48094,79,72306,409,1859,166,12726,9505,981,91,82,119990,0,81,0,0,138,7575,27562,0,13,0,328,24542,1027,21,496949,25,535,622,0,1279,0,0,618,959,1410
83,2021-02-21,2432,1653,2958,0,107,498,0,11,56396,3164,70,909,10088,3193,179,420,8349,30,1903,22185,314,65,12,1,11390,4,4995,270,244765,1,3,9839,139,3,143,0,523,21407,2,63,133,19974,4842,58511,143,127,0,2763,185,5420,291,22,234,19687,0,700,2351,63,0,3028,15513,10298,1792,89,7,535,645,2271,0,1,2,756,83681,83,137,75,144,3435,76073,584,88,6272,0,1,160,130,6249,17,86,47,189,247,0,3975,14299,29,156302,34489,59409,13245,4401,35,5566,95486,391,7417,68,4543,3246,1817,0,1561,1039,1458,0,1542,4297,285,91,2088,55,3182,626,297,1004,1051,60,347,304,0,45,434,10,92,206535,0,22,2,932,1,8548,587,3196,409,0,2994,15191,0,26,172,170,1831,0,3047,2,607,2172,1549,13,12563,0,5711,0,3026,116442,12068,0,42240,15889,2039,256,1557,3947,48,19795,83293,247,0,0,0,0,28,12,0,6,0,72,21,6457,795,4321,10,79,0,0,27,6505,4103,0,194,48940,86,73627,445,1867,168,12854,9561,996,91,83,122191,0,81,0,0,139,7755,27983,0,14,0,330,25103,1108,21,506493,25,563,622,0,1308,0,0,619,1016,1432
84,2021-02-26,2442,1736,2973,0,110,502,0,14,57093,3183,71,909,10261,3206,179,439,8395,32,1948,22307,315,70,12,1,11547,4,5062,310,249957,1,3,10079,142,3,145,0,551,21631,2,63,137,20310,4843,59260,144,128,0,2793,188,5489,312,22,236,20476,0,707,2370,63,0,3075,15669,10541,1832,91,7,575,650,2321,0,1,2,780,85125,83,139,80,148,3485,77000,596,91,6410,0,1,163,130,6334,17,88,48,192,250,0,4076,14795,29,156825,35786,59830,13351,4509,35,5691,96974,410,7722,69,4627,3311,1847,0,1577,1067,1463,0,1601,4560,292,91,2156,55,3236,636,297,1033,1100,60,349,313,0,45,439,10,102,209821,0,23,2,976,1,8598,613,3198,414,0,3004,15429,0,26,173,174,1891,0,3111,2,622,2216,1562,13,12772,0,5789,0,3119,119905,12201,0,43421,16177,2061,257,1585,4058,52,20167,85304,258,0,0,0,0,34,12,0,6,0,73,27,6480,852,4398,11,79,0,0,27,6966,4143,0,223,49667,90,74625,464,1881,170,12959,9609,1014,91,83,123717,0,82,0,0,139,7911,28358,0,14,0,331,25742,1182,21,515037,25,591,622,0,1331,0,0,628,1059,1458
85,2021-03-03,2446,1835,2991,0,110,510,0,17,57737,3202,74,909,10400,3225,180,453,8428,36,1993,22445,314,75,12,1,11666,4,5145,345,255720,1,3,10391,143,3,148,0,551,21842,2,63,140,20684,4845,59866,144,131,0,2812,193,5548,328,22,237,21442,0,711,2386,63,0,3118,15850,10778,1869,93,7,615,652,2386,0,1,2,794,86745,85,140,87,152,3541,77748,637,93,6557,0,1,164,131,6402,17,89,48,197,250,0,4174,15324,29,157346,36721,60267,13458,4580,35,5803,98288,432,7984,69,4756,3389,1863,0,1606,1092,1468,0,1654,4805,295,91,2216,55,3292,643,300,1053,1141,63,355,321,0,45,441,10,110,212753,0,25,2,1015,1,8645,665,3199,442,0,3010,15641,0,26,174,176,1923,0,3151,2,632,2281,1580,13,12938,0,5858,0,3198,123300,12369,0,44387,16380,2074,259,1612,4261,59,20509,87348,265,0,0,0,0,36,12,0,8,0,75,30,6505,896,4475,11,79,0,0,27,7489,4187,0,249,50271,97,75454,484,1896,173,13068,9654,1039,91,84,124875,0,85,0,0,139,8047,28706,0,14,0,331,26397,1253,21,523836,25,611,622,0,1348,0,0,641,1104,1472
86,2021-03-08,2451,1939,3013,0,112,514,0,21,58277,3225,75,909,10544,3241,182,472,8476,37,2038,22565,315,75,12,1,11807,5,5259,413,264325,1,3,10614,143,3,154,0,588,22035,2,63,140,21077,4848,60412,146,131,0,2835,202,5590,348,22,238,22462,0,712,2398,63,0,3172,16039,10995,1907,96,7,667,658,2429,0,1,2,803,88073,87,140,90,153,3591,78439,667,93,6758,0,1,168,133,6473,17,93,49,200,250,0,4247,15988,29,157853,37547,60687,13572,4636,35,5891,99785,453,8253,69,4935,3389,1876,0,1639,1127,1473,0,1699,5046,307,91,2273,56,3341,668,310,1069,1169,64,358,334,0,47,442,10,128,215360,0,26,3,1059,1,8682,693,3200,458,0,3011,15822,0,26,174,177,1969,0,3195,2,632,2365,1591,13,13205,0,5910,0,3294,126758,12516,0,45342,16531,2085,262,1642,4370,59,20900,89473,268,0,0,0,0,43,12,0,8,0,77,32,6528,925,4562,15,79,0,0,27,7921,4212,0,302,50678,102,76157,507,1913,175,13150,9699,1063,91,85,125683,0,92,0,0,139,8201,29030,0,15,0,331,27128,1322,21,531576,25,645,622,0,1378,0,0,652,1124,1485
87,2021-03-13,2454,2018,3031,0,112,519,0,25,59011,3253,77,909,10686,3268,185,480,8527,37,2078,22695,316,81,12,1,11903,6,5446,447,272889,1,3,11196,144,3,155,1,588,22185,2,64,152,21451,4849,60858,146,131,0,2859,211,5647,365,22,243,23602,0,717,2409,63,0,3213,16193,11214,1940,98,7,710,659,2510,0,1,2,827,89606,87,141,96,153,3643,79338,698,93,6986,0,1,168,133,6546,17,100,52,206,251,0,4311,16790,29,158446,38329,61069,13696,4679,35,5974,101564,480,8509,69,5224,3456,1901,0,1678,1156,1480,0,1757,5278,309,91,2348,56,3394,685,326,1079,1203,64,360,350,0,47,442,10,129,217870,0,27,4,1113,1,8716,719,3201,469,0,3014,16015,0,26,175,180,2009,0,3280,2,639,2467,1600,13,13430,0,5972,0,3411,129951,12694,0,47091,16641,2095,265,1667,4515,71,21360,91695,275,0,0,0,0,47,12,0,8,0,77,32,6556,955,4670,16,79,0,0,27,8440,4250,0,338,51179,104,76705,526,1950,176,13250,9751,1090,91,86,126341,0,93,0,0,140,8329,29356,0,15,0,331,28158,1378,21,537367,25,683,622,0,1415,0,0,680,1149,1496
88,2021-03-18,2462,2092,3048,0,113,522,0,27,59768,3301,80,909,10848,3307,186,489,8624,39,2121,22818,316,90,12,1,11997,6,5672,458,282127,1,3,11715,145,4,158,1,721,22328,2,64,156,21816,4849,61368,146,134,0,2886,214,5709,380,22,246,24665,0,726,2416,63,0,3248,16300,11431,1962,100,7,758,663,2592,0,1,2,836,90867,87,141,105,160,3674,80130,720,94,7252,0,1,168,134,6619,17,106,54,208,251,0,4373,17628,29,159216,39142,61492,13860,4725,36,6063,103432,507,8717,69,5553,3511,1937,0,1721,1194,1485,0,1801,5536,309,91,2422,56,3447,708,338,1088,1220,65,360,363,0,47,445,10,142,219995,0,27,5,1151,1,8745,733,3204,483,0,3015,16157,0,26,176,185,2027,0,3388,2,648,2590,1617,13,13656,0,6009,0,3554,133197,12866,0,48410,16715,2103,270,1688,4695,87,21787,93824,283,0,1,0,0,55,12,0,9,0,78,33,6585,995,4810,17,79,0,0,27,8814,4273,0,392,51634,106,77205,538,1982,176,13346,9807,1120,91,89,126819,0,98,0,0,140,8463,29696,0,15,0,332,29253,1414,21,542013,25,725,622,0,1451,0,0,714,1170,1508
89,2021-03-23,2466,2145,3061,0,113,530,0,28,60489,3384,82,909,11026,3366,188,502,8738,39,2166,22957,316,90,12,1,12060,8,5938,506,294042,1,3,12188,145,6,160,4,721,22481,2,67,157,22359,4849,62028,146,135,0,2900,222,5786,397,24,250,25642,0,726,2424,64,0,3275,16478,11637,1983,101,8,809,665,2674,0,1,2,857,92067,87,141,108,161,3714,80978,737,94,7531,0,1,169,134,6710,17,113,56,215,251,0,4443,18703,29,160166,39865,61877,14036,4758,36,6118,105328,536,8861,69,5985,5802,2023,0,1766,1233,1490,0,1840,5850,309,91,2513,56,3503,725,361,1098,1238,66,367,375,0,47,447,10,151,221902,0,27,5,1199,1,8769,747,3204,504,0,3019,16281,0,26,176,185,2030,0,3503,2,649,2708,1629,13,13863,0,6044,0,3730,136525,12972,0,49779,16773,2118,274,1704,4847,87,22268,95818,292,0,1,0,0,55,12,0,10,0,80,34,6613,1020,4966,18,79,0,0,27,9190,4315,0,441,52196,106,77580,552,2017,176,13434,9841,1175,91,92,127174,0,104,0,0,140,8569,30178,0,16,0,333,30431,1445,21,546393,25,792,622,0,1493,0,0,772,1182,1514
90,2021-03-28,2470,2204,3077,0,115,533,0,28,61341,3464,82,909,11179,3464,188,513,8904,41,2211,23090,317,90,12,1,12143,10,6278,568,307112,1,3,12650,145,6,165,10,779,22629,2,72,160,22653,4851,62645,146,135,0,2931,229,5872,414,27,255,26519,0,739,2440,66,0,3302,16679,11845,1998,102,9,847,666,2784,0,1,2,876,93879,89,141,109,164,3751,82228,742,94,7826,0,1,178,134,6794,17,120,61,225,251,0,4536,19972,29,161552,40449,62308,14177,4791,39,6168,107636,566,9031,69,6472,5802,2104,0,1820,1279,1495,0,1878,6058,315,91,2602,56,3553,742,387,1113,1251,66,376,387,0,50,448,10,154,223607,0,28,6,1234,1,8798,762,3206,512,0,3027,16438,0,26,177,185,2041,0,3642,2,656,2810,1650,13,14158,0,6087,0,3958,139965,13159,0,51896,16816,2129,284,1722,5044,102,22997,97740,301,0,1,0,0,58,12,0,10,0,84,34,6643,1034,5151,18,79,0,0,27,9496,4354,0,488,52648,108,77976,561,2051,177,13527,9887,1227,91,94,127430,0,107,0,0,141,8705,30923,0,17,0,333,31954,1477,21,551233,26,875,626,0,1543,0,0,833,1198,1519
91,2021-04-02,2495,2241,3096,0,115,538,0,28,62555,3552,86,909,11350,3593,188,523,9155,42,2257,23248,317,93,12,1,12257,10,6657,591,321515,1,3,13313,150,6,169,16,851,22758,2,73,164,23328,4851,63422,146,137,0,2965,247,5967,425,35,265,27296,0,745,2451,71,0,3330,16877,12041,2014,103,10,922,668,2890,0,1,2,885,95338,93,141,118,165,3798,83420,752,94,8160,0,1,178,134,6860,17,128,65,231,251,0,4605,21262,29,163396,41151,62759,14360,4824,39,6227,109847,599,9185,69,6940,5912,2167,0,1876,1319,1500,0,1922,6286,315,91,2680,56,3597,756,444,1118,1278,67,386,395,0,50,449,12,161,225268,0,28,12,1274,1,8825,775,3206,531,0,3031,16550,0,26,178,187,2058,0,3810,2,673,2901,1681,13,14530,0,6114,0,4206,143613,13303,0,54176,16848,2139,295,1737,5434,115,23674,99633,308,0,1,0,0,61,12,0,10,0,84,34,6676,1054,5345,22,79,0,0,27,9877,4401,0,537,52897,112,78373,571,2096,177,13632,9939,1274,91,94,127622,0,110,0,0,142,8843,31713,0,17,0,334,33679,1499,21,554927,26,974,630,0,1602,0,0,907,1212,1523
92,2021-04-07,2512,2283,3112,0,117,547,0,29,64266,3647,90,909,11545,3743,189,545,9447,43,2304,23465,317,93,14,1,12344,14,7034,636,332752,1,3,13918,150,6,173,22,851,22911,2,74,166,23734,4851,64293,146,137,0,2992,256,6113,440,52,269,27913,0,745,2461,85,0,3355,17004,12253,2030,104,10,976,669,3025,0,1,2,892,96638,94,141,119,166,3840,84356,752,94,8532,0,1,183,136,6903,17,131,66,246,251,0,4681,22409,29,166177,42064,63506,14535,4849,39,6271,111747,622,9279,69,7383,6028,2258,0,1924,1373,1512,0,1946,6479,315,91,2765,56,3640,768,469,1124,1300,67,396,400,0,54,450,12,167,226773,0,30,18,1317,1,8865,785,3206,548,0,3038,16642,0,26,179,188,2058,0,4022,2,683,2997,1728,13,14924,0,6138,0,4463,147358,13817,0,55713,16876,2158,312,1756,5655,123,24386,101480,314,0,1,0,0,63,13,0,10,0,85,35,6711,1065,5537,22,79,0,0,27,10243,4436,0,576,53032,113,78741,591,2143,177,13723,9994,1332,91,95,127763,1,113,0,0,145,9039,32667,0,17,0,335,35498,1516,21,558187,26,1146,633,0,1678,0,0,977,1224,1531
93,2021-04-12,2529,2317,3130,0,120,553,0,30,66140,3753,92,909,11726,3915,189,557,9822,44,2354,23663,318,93,14,1,12442,14,7387,663,351334,1,3,14418,153,6,182,30,919,23082,2,75,167,24346,4854,65608,146,137,0,3024,263,6308,459,60,277,28467,0,745,2470,96,0,3388,17293,12445,2051,106,10,1037,669,3174,0,1,2,902,98104,94,141,127,168,3883,85504,763,94,8885,0,1,189,136,7016,17,136,66,252,251,0,4770,23708,29,170179,42656,64490,14713,4867,39,6314,114254,672,9400,69,7773,6179,2348,0,1978,1407,1528,0,1990,6661,315,91,2823,56,3706,778,506,1128,1329,67,408,402,0,59,450,12,167,228219,0,31,26,1365,1,8900,791,3206,575,0,3053,16762,0,26,179,189,2060,0,4228,2,687,3124,1776,13,15443,0,6159,0,4749,151285,14945,0,58490,16906,2179,333,1770,5819,123,25135,103263,315,0,1,0,0,64,13,0,10,0,86,35,6754,1078,5735,24,79,0,0,27,10630,4465,0,618,53322,114,79182,598,2186,179,13819,10030,1378,91,97,127906,2,116,0,0,146,9293,33939,0,17,0,336,37301,1531,21,562228,26,1414,634,0,1759,0,0,1050,1226,1538
94,2021-04-17,2539,2337,3148,0,123,560,0,31,68621,3859,92,910,11906,4077,194,581,10283,44,2403,23870,318,96,17,1,12603,14,7770,684,365444,1,3,15100,154,6,189,39,991,23281,2,79,168,24923,4856,67199,146,137,0,3065,269,6486,500,80,291,28887,0,745,2480,110,0,3410,17528,12653,2068,106,10,1082,670,3300,0,1,2,915,99744,95,141,133,170,3925,86803,772,94,9330,0,1,189,136,7160,17,138,66,263,253,0,4929,24979,29,175649,43328,66008,14915,4889,39,6344,116366,713,9584,69,8117,6179,2443,0,2043,1436,1546,0,2048,6854,315,91,2882,56,3761,787,538,1136,1365,69,426,409,0,59,452,15,168,229609,0,31,43,1412,1,8934,797,3206,602,0,3075,16871,0,26,180,190,2061,0,4388,2,708,3223,1821,13,15982,0,6183,0,5110,155330,15738,0,61830,16928,2209,367,1794,5952,135,25937,105193,322,0,1,0,0,64,13,0,10,0,88,35,6801,1087,5920,25,79,0,0,27,11043,4498,0,656,53663,114,79588,617,2209,185,13924,10060,1423,91,99,128020,2,119,0,0,150,9639,35320,0,17,0,338,39536,1547,21,565556,26,1726,635,0,1853,0,0,1109,1233,1551
95,2021-04-22,2561,2358,3172,0,123,570,0,31,71259,3969,94,910,12084,4235,194,607,10781,44,2453,24057,318,97,20,1,12695,15,8064,691,378003,1,3,15618,156,6,198,59,1064,23492,2,85,169,25353,4856,69177,146,144,0,3104,277,6692,547,94,302,29239,0,752,2496,129,0,3435,17804,12866,2086,107,10,1120,671,3474,0,1,2,923,101201,96,141,136,173,3981,87937,777,94,9713,0,1,194,136,7309,17,139,66,273,254,0,4976,26001,29,184657,44172,67913,15098,4904,39,6364,117997,744,9764,69,8429,6373,2540,0,2095,1482,1566,0,2088,7027,316,91,2924,57,3825,790,579,1142,1400,71,451,411,0,66,454,15,169,230828,0,31,67,1441,1,8969,805,3206,616,0,3117,16976,0,26,181,191,2061,0,4556,2,735,3364,1926,13,16600,0,6192,0,5470,159343,16265,0,64173,16941,2263,400,1808,6074,141,26793,107103,327,0,1,0,0,69,13,0,10,0,89,35,6858,1096,6095,25,79,0,0,27,11357,4538,0,689,53940,114,79978,634,2290,188,14025,10098,1483,91,117,128119,3,121,0,0,157,9993,36975,0,17,0,339,41266,1561,21,568698,27,2022,640,0,1944,0,0,1148,1238,1555
96,2021-04-27,2598,2379,3217,0,124,583,0,32,73552,4058,98,910,12208,4402,198,625,11228,44,2502,24261,321,99,23,1,12824,15,8332,712,390797,1,3,16101,157,6,208,82,1064,23755,2,88,169,25975,4857,71351,146,144,0,3158,283,6905,597,104,308,29517,0,760,2508,138,0,3459,18300,13107,2106,107,10,1148,671,3570,0,1,2,928,102546,98,141,138,174,4060,88957,779,94,10087,0,1,211,136,7428,17,141,67,284,254,0,5141,26984,29,197894,44939,70070,15303,4917,39,6379,119539,761,10004,69,8660,6561,2643,0,2130,1527,1589,0,2110,7171,316,91,3005,57,3889,793,614,1147,1449,71,474,413,0,70,455,16,169,231886,0,32,99,1465,1,8999,809,3208,634,0,3194,17058,0,26,181,191,2062,0,4714,2,737,3452,1992,13,17187,0,6209,0,5900,163384,16853,0,65900,16954,2298,437,1820,6176,148,27511,108980,330,0,1,0,0,73,13,0,10,0,90,35,6913,1104,6257,27,79,0,0,27,11572,4568,0,702,54186,114,80339,647,2341,198,14102,10143,1548,91,163,128206,3,122,0,0,159,10352,38711,0,17,0,340,42950,1573,21,572173,27,2326,646,0,2047,0,0,1206,1248,1560
97,2021-05-02,2637,2396,3261,0,125,600,0,32,75492,4139,98,910,12338,4538,199,648,11579,44,2552,24443,323,99,28,1,12975,16,8561,724,403781,1,3,16444,157,6,220,103,1144,23994,2,91,170,26457,4858,73720,146,147,0,3231,286,7130,654,108,320,29764,0,768,2520,145,0,3487,18724,13402,2128,112,10,1168,671,3709,0,1,2,935,103965,101,141,139,175,4151,89957,780,94,10453,0,1,228,136,7543,17,145,67,296,264,0,5281,27802,29,215542,45796,72090,15498,4928,39,6391,121033,779,10296,69,8871,6561,2744,0,2168,1569,1619,0,2144,7302,318,91,3029,57,3956,799,666,1148,1521,74,485,416,0,79,455,17,170,232874,0,32,125,1495,1,9026,814,3209,652,0,3325,17161,0,26,182,191,2063,0,4891,2,756,3525,2040,13,17957,0,6232,0,6385,167172,17354,0,68073,16965,2337,465,1833,6324,148,28194,110862,335,0,1,0,0,74,14,0,11,0,90,35,6968,1109,6386,28,79,0,0,27,11766,4610,0,713,54406,115,80689,687,2366,204,14194,10191,1598,91,245,128280,4,123,0,0,169,10808,40504,0,17,0,343,44596,1591,21,575577,27,2616,652,0,2136,0,0,1230,1251,1568
98,2021-05-07,2673,2406,3307,0,127,622,0,32,78134,4209,100,910,12471,4635,211,670,11833,45,2602,24636,323,100,30,1,13123,16,8744,724,414399,1,3,16800,162,6,230,114,1152,24219,2,93,170,26895,4858,76015,146,148,0,3326,291,7355,701,113,335,29966,0,772,2526,148,0,3514,19018,13714,2143,112,12,1193,671,3822,0,1,3,940,105104,104,141,140,175,4245,90743,783,94,10847,0,1,228,139,7677,17,149,67,308,268,0,5439,28403,29,234083,46663,73906,15673,4935,39,6401,122263,798,10589,69,9014,6758,2850,0,2188,1621,1643,0,2197,7415,319,91,3059,58,4024,803,701,1152,1610,82,493,417,0,79,456,17,170,233750,0,32,150,1521,1,9049,819,3210,682,0,3579,17262,0,26,183,192,2065,0,5042,2,767,3594,2113,13,18537,0,6252,0,6798,170680,17991,0,69450,16977,2379,493,1860,6410,150,28710,112622,338,0,1,0,0,75,14,0,12,0,90,35,7032,1116,6499,28,79,0,0,27,11946,4635,0,745,54620,115,81018,764,2437,212,14265,10223,1631,91,363,128335,4,124,0,0,189,11208,42187,0,17,0,346,45830,1604,21,578551,27,2918,660,0,2226,0,0,1266,1256,1575
99,2021-05-12,2713,2420,3343,0,127,639,0,32,80467,4272,102,910,12572,4713,214,697,12045,45,2652,24781,323,101,31,1,13258,17,8894,761,423229,1,3,17104,164,6,236,136,1152,24449,2,95,172,27356,4858,78342,146,148,0,3430,292,7549,755,116,346,30128,0,775,2531,151,0,3550,19286,14033,2164,112,12,1210,671,3911,0,1,3,943,106151,106,141,143,175,4363,91312,783,94,11141,0,1,236,139,7776,17,151,67,327,271,0,5701,28888,29,254197,47617,75568,15834,4945,39,6408,123282,814,11064,69,9151,6976,2928,0,2203,1660,1675,1,2223,7527,319,91,3077,58,4069,807,738,1153,1722,87,506,417,0,87,457,17,171,234490,0,32,179,1544,1,9083,826,3211,702,0,4252,17378,0,26,184,192,2065,0,5135,2,774,3661,2206,13,19106,0,6277,0,7209,173926,18620,0,70702,16983,2417,516,1884,6468,169,29135,114331,340,0,1,0,0,75,14,0,12,0,90,35,7098,1120,6594,28,79,0,0,27,12096,4656,0,753,54896,115,81315,868,2447,218,14345,10250,1670,91,486,128387,5,125,0,0,215,11556,43589,0,17,0,347,46987,1617,21,581440,27,3171,666,0,2304,0,0,1277,1258,1579
100,2021-05-17,2745,2432,3374,0,127,659,0,42,83200,4333,104,910,12649,4779,220,746,12181,46,2701,24880,323,101,32,1,13493,17,9008,774,434715,1,3,17259,164,6,249,154,1230,24672,2,96,173,27832,4858,80780,146,150,0,3571,298,7708,804,118,353,30230,0,776,2536,151,0,3582,19699,14327,2187,112,12,1223,672,3996,0,1,4,960,106818,108,141,143,175,4469,91738,783,94,11415,0,1,245,139,7887,17,151,67,338,276,0,5954,29213,29,274390,48305,76936,15956,4949,39,6413,124156,860,11508,69,9259,7149,3003,0,2215,1693,1711,2,2269,7604,320,91,3088,58,4121,808,771,1153,1902,101,511,417,0,90,457,17,171,235111,0,32,202,1560,1,9098,826,3213,723,0,5215,17446,0,26,184,192,2066,0,5211,2,774,3696,2279,13,19543,0,6296,0,7534,176823,19191,0,71697,16997,2454,530,1903,6525,169,29523,116211,344,0,1,0,0,75,14,0,12,0,90,35,7162,1125,6681,35,79,0,0,27,12238,4678,0,753,55210,115,81585,981,2447,224,14424,10270,1698,91,614,128435,10,125,0,0,276,11849,44760,0,17,0,350,48184,1631,21,584443,27,3419,670,0,2382,0,0,1290,1260,1582